State;Year;valore_educazione;valore_poverta;violent_crime;population;violent_crime_rate;valore_urb;valore_disoc;valore_gini
Alabama;1980;56.5;21.2;17175.0;3881325;442.50352650190337;60.0;8.683;0.4393
Alaska;1980;82.5;9.6;1920.0;438869;437.4881798440993;64.3;9.542;0.3842
Arizona;1980;72.4;12.8;17768.0;2725962;651.8065915812473;83.8;6.617;0.4250
Arkansas;1980;55.5;21.5;7593.0;2284037;332.437696937484;51.6;7.533;0.4325
California;1980;73.5;11.0;210003.0;23644324;888.1751070574062;91.3;6.908;0.4456
Colorado;1980;78.6;8.6;14121.0;2896033;487.598034967143;80.6;5.883;0.4183
Connecticut;1980;70.3;8.3;12549.0;3171744;395.6498380701596;78.8;5.733;0.4542
Delaware;1980;68.6;11.8;2765.0;594779;464.8785515292235;70.6;7.55;0.4109
District of Columbia;1980;67.1;20.9;13212.0;635233;2079.866757551953;100.0;7.392;0.4901
Florida;1980;66.7;16.7;94156.0;9633870;977.3434767128892;84.3;5.983;0.4413
Georgia;1980;56.4;13.9;28620.0;5431039;526.9709902653985;62.4;6.308;0.4371
Hawaii;1980;73.8;8.5;2889.0;1011103;285.7275668255361;86.5;4.967;0.4024
Idaho;1980;73.7;14.7;2927.0;960309;304.7977265650952;54.0;7.55;0.4005
Illinois;1980;66.5;12.3;55654.0;11392481;488.5151882193176;83.3;8.133;0.4382
Indiana;1980;66.4;11.8;18705.0;5474534;341.67291681812554;64.2;9.617;0.4100
Iowa;1980;71.5;10.8;5729.0;2916690;196.42128577257097;58.6;5.992;0.3998
Kansas;1980;73.3;9.4;9108.0;2388998;381.2477030118904;66.7;4.467;0.4136
Kentucky;1980;53.1;19.3;9711.0;3653024;265.834552414657;50.9;7.967;0.4351
Louisiana;1980;57.7;20.3;25820.0;4214030;612.7151444104575;68.6;7.033;0.4518
Maine;1980;68.7;14.6;2172.0;1131572;191.9453645017728;47.5;7.492;0.4111
Maryland;1980;67.4;9.5;35732.0;4266122;837.5756717693494;80.3;6.45;0.4128
Massachusetts;1980;72.2;9.5;33078.0;5733250;576.95024636986;83.8;5.767;0.4433
Michigan;1980;68.0;12.9;58342.0;9380358;621.9592045420868;70.7;12.258;0.4225
Minnesota;1980;73.1;8.7;9236.0;4072762;226.77485205371684;66.9;5.817;0.4095
Mississippi;1980;54.8;24.3;6137.0;2511491;244.3568382287653;47.3;7.308;0.4412
Missouri;1980;63.5;13.0;26128.0;4979528;524.708365933478;68.1;7.217;0.4228
Montana;1980;74.4;13.2;1592.0;794764;200.3110357288453;52.9;6.325;0.4148
Nebraska;1980;73.4;13.0;3462.0;1592114;217.44674062284483;62.9;3.833;0.4056
Nevada;1980;75.5;8.3;7290.0;800312;910.8947510470916;85.3;6.342;0.4156
New Hampshire;1980;72.3;7.0;1620.0;1041881;155.48800678772335;52.2;4.525;0.3978
New Jersey;1980;67.4;9.0;44374.0;7343265;604.2816104280589;89.0;7.108;0.4368
New Mexico;1980;68.9;20.6;7333.0;1297693;565.0797222455543;72.1;7.558;0.4361
New York;1980;66.3;13.8;180038.0;18694648;963.0456802396066;84.6;7.425;0.4713
North Carolina;1980;54.8;15.0;26169.0;5848092;447.479280421717;48.0;6.392;0.4346
North Dakota;1980;66.4;15.5;352.0;657335;53.54955996561876;48.8;4.892;0.4147
Ohio;1980;67.0;9.8;51592.0;11009711;468.6044892549859;73.3;8.475;0.4236
Oklahoma;1980;66.0;13.9;12262.0;3023007;405.6226135103227;67.3;4.133;0.4275
Oregon;1980;75.6;11.5;12674.0;2616164;484.4497516210758;67.9;8.392;0.4187
Pennsylvania;1980;64.7;9.8;42844.0;12040750;355.8250109004838;69.3;8.192;0.4311
Rhode Island;1980;61.1;10.7;3857.0;950345;405.8526114200632;87.0;7.217;0.4307
South Carolina;1980;53.7;16.8;20135.0;3122787;644.7766050005972;54.1;6.725;0.4308
South Dakota;1980;67.9;18.8;767.0;697288;109.99759066554996;46.4;4.733;0.4045
Tennessee;1980;56.2;19.6;20475.0;4557215;449.2875583004093;60.4;7.392;0.4385
Texas;1980;62.6;15.7;75152.0;14302893;525.4321625701878;79.6;5.25;0.4389
Utah;1980;80.0;10.0;4242.0;1486332;285.40056999378334;84.4;6.267;0.3846
Vermont;1980;71.0;12.0;343.0;515056;66.59470038209437;33.8;6.083;0.4047
Virginia;1980;62.4;12.4;16340.0;5336555;306.19004207770746;66.0;5.283;0.4309
Washington;1980;77.6;12.7;18418.0;4126721;446.3107634366365;73.5;7.933;0.4153
West Virginia;1980;56.0;15.2;3498.0;1931353;181.11655404268407;36.2;10.133;0.4254
Wisconsin;1980;69.6;8.5;8536.0;4707957;181.3100671905032;64.2;7.333;0.4020
Wyoming;1980;77.9;10.4;1828.0;468954;389.8036907671115;62.7;3.867;0.3978
Alabama;1981;56.5;24.1;17874.0;3947449;452.7987568680432;60.0;10.758;0.4404
Alaska;1981;82.5;9.0;2420.0;451875;535.5463347164592;64.3;9.217;0.3853
Arizona;1981;72.4;11.7;16082.0;2804998;573.3337421274454;83.8;6.2;0.4261
Arkansas;1981;55.5;24.1;7041.0;2309660;304.8500645116597;51.6;8.592;0.4336
California;1981;73.5;13.3;208154.0;24273613;857.53200399133;91.3;7.417;0.4467
Colorado;1981;78.6;9.6;15435.0;2981143;517.7544317733165;80.6;5.642;0.4193
Connecticut;1981;70.3;8.2;13678.0;3209430;426.1815961089664;78.8;6.125;0.4553
Delaware;1981;68.6;12.3;3034.0;598000;507.3578595317726;70.6;7.85;0.4119
District of Columbia;1981;67.1;18.1;14478.0;636000;2276.4150943396226;100.0;8.733;0.4912
Florida;1981;66.7;16.6;98267.0;10242064;959.4452836850072;84.3;6.767;0.4423
Georgia;1981;56.4;16.3;28733.0;5600401;513.0525474872246;62.4;6.433;0.4381
Hawaii;1981;73.8;11.3;2424.0;1026095;236.23543629001216;86.5;5.175;0.4035
Idaho;1981;73.7;17.7;2690.0;980821;274.260033176288;54.0;7.592;0.4016
Illinois;1981;66.5;12.1;50289.0;11494936;437.4882991954023;83.3;8.642;0.4393
Indiana;1981;66.4;12.6;17155.0;5479361;313.0839526725836;64.2;9.767;0.4111
Iowa;1981;71.5;13.1;5840.0;2905854;200.97362083573364;58.6;6.492;0.4009
Kansas;1981;73.3;11.7;8805.0;2410957;365.2076747946977;66.7;4.292;0.4147
Kentucky;1981;53.1;19.3;10144.0;3673284;276.1561589030415;50.9;8.633;0.4361
Louisiana;1981;57.7;22.0;25088.0;4322753;580.3708886443432;68.6;8.458;0.4529
Maine;1981;68.7;16.0;2224.0;1139937;195.0985010575146;47.5;7.242;0.4122
Maryland;1981;67.4;10.7;37845.0;4336685;872.671176255596;80.3;7.258;0.4139
Massachusetts;1981;72.2;8.9;32235.0;5774998;558.1820114916057;83.8;6.417;0.4443
Michigan;1981;68.0;13.0;58800.0;9370270;627.5166030434556;70.7;12.4;0.4236
Minnesota;1981;73.1;10.9;9340.0;4101608;227.7155691133819;66.9;5.742;0.4106
Mississippi;1981;54.8;25.7;5636.0;2530000;222.76679841897231;47.3;8.533;0.4423
Missouri;1981;63.5;13.2;25667.0;5009973;512.3181302573886;68.1;7.683;0.4239
Montana;1981;74.4;13.1;1316.0;805348;163.40762005989956;52.9;6.767;0.4159
Nebraska;1981;73.4;14.0;2803.0;1604413;174.70564000665664;62.9;4.133;0.4067
Nevada;1981;75.5;10.5;7418.0;850170;872.5313760777256;85.3;7.317;0.4166
New Hampshire;1981;72.3;7.6;1282.0;1052614;121.7920339269666;52.2;5.075;0.3989
New Jersey;1981;67.4;10.0;46674.0;7404654;630.3333011913859;89.0;7.5;0.4378
New Mexico;1981;68.9;18.6;8291.0;1328937;623.8820952385253;72.1;7.225;0.4372
New York;1981;66.3;14.4;185592.0;18809745;986.6800427119028;84.6;7.6;0.4723
North Carolina;1981;54.8;17.5;25470.0;5956122;427.6272379914314;48.0;6.458;0.4357
North Dakota;1981;66.4;14.2;444.0;662940;66.97438682233687;48.8;4.892;0.4158
Ohio;1981;67.0;12.7;51071.0;11009899;463.8643824071411;73.3;9.442;0.4247
Oklahoma;1981;66.0;13.8;13081.0;3125799;418.48500175475135;67.3;3.592;0.4286
Oregon;1981;75.6;12.3;12623.0;2652767;475.8427709632998;67.9;9.717;0.4198
Pennsylvania;1981;64.7;11.6;43699.0;12075312;361.8871297072904;69.3;8.317;0.4322
Rhode Island;1981;61.1;11.7;4206.0;956539;439.7102470469056;87.0;7.592;0.4317
South Carolina;1981;53.7;18.4;19912.0;3225026;617.4213789284179;54.1;8.15;0.4319
South Dakota;1981;67.9;19.5;625.0;694028;90.05400358486978;46.4;4.783;0.4056
Tennessee;1981;56.2;20.9;18372.0;4624368;397.2867211260003;60.4;8.867;0.4396
Texas;1981;62.6;15.4;74883.0;14893468;502.7908879248272;79.6;5.333;0.4400
Utah;1981;80.0;12.2;4152.0;1539164;269.7568290318641;84.4;6.642;0.3857
Vermont;1981;71.0;12.3;273.0;518784;52.623056994818654;33.8;5.742;0.4058
Virginia;1981;62.4;12.6;17384.0;5428769;320.21992462748;66.0;5.883;0.4320
Washington;1981;77.6;11.3;18167.0;4225712;429.915715978751;73.5;9.333;0.4163
West Virginia;1981;56.0;19.9;3367.0;1954521;172.26727162307284;36.2;10.592;0.4264
Wisconsin;1981;69.6;8.1;8459.0;4769913;177.3407607224702;64.2;7.858;0.4031
Wyoming;1981;77.9;8.9;2052.0;492000;417.07317073170736;62.7;4.142;0.3989
Alabama;1982;56.5;21.6;17265.0;4007808;430.78410941841526;60.0;13.8;0.4415
Alaska;1982;82.5;10.6;2632.0;480391;547.8870336871423;64.3;10.017;0.3864
Arizona;1982;72.4;14.8;14717.0;2872286;512.3793382692393;83.8;9.942;0.4272
Arkansas;1982;55.5;23.8;7373.0;2309406;319.2595844992176;51.6;9.483;0.4347
California;1982;73.5;14.1;201462.0;24902595;809.000025900915;91.3;10.067;0.4478
Colorado;1982;78.6;12.6;15160.0;3063569;494.8476760275352;80.6;7.633;0.4204
Connecticut;1982;70.3;8.1;12513.0;3230948;387.2857130476875;78.8;6.833;0.4564
Delaware;1982;68.6;11.5;3369.0;603669;558.0872961838359;70.6;8.433;0.4130
District of Columbia;1982;67.1;19.3;13420.0;631000;2126.782884310618;100.0;10.35;0.4923
Florida;1982;66.7;15.2;93404.0;10542211;886.0000999790271;84.3;8.542;0.4434
Georgia;1982;56.4;19.6;25307.0;5670797;446.2688401647952;62.4;7.783;0.4392
Hawaii;1982;73.8;13.2;2542.0;1041835;243.99257080055864;86.5;6.133;0.4046
Idaho;1982;73.7;15.6;2456.0;987754;248.64490551291112;54.0;9.95;0.4027
Illinois;1982;66.5;13.4;51326.0;11553548;444.2444866286963;83.3;11.317;0.4404
Indiana;1982;66.4;12.6;15100.0;5484374;275.3276855298344;64.2;11.883;0.4122
Iowa;1982;71.5;13.4;4773.0;2917664;163.5897759303333;58.6;8.425;0.4019
Kansas;1982;73.3;10.4;8080.0;2442269;330.8398870067138;66.7;6.358;0.4158
Kentucky;1982;53.1;16.2;10294.0;3678626;279.8327418987415;50.9;10.8;0.4372
Louisiana;1982;57.7;22.7;26844.0;4379987;612.8785313746365;68.6;10.2;0.4540
Maine;1982;68.7;13.7;1847.0;1144555;161.37276059254472;47.5;8.5;0.4133
Maryland;1982;67.4;12.3;36189.0;4343762;833.1257559691345;80.3;8.167;0.4150
Massachusetts;1982;72.2;10.3;30946.0;5786183;534.8258083092084;83.8;7.833;0.4454
Michigan;1982;68.0;16.2;55880.0;9272139;602.6656848004543;70.7;15.383;0.4246
Minnesota;1982;73.1;13.3;9061.0;4147125;218.48871205955933;66.9;7.817;0.4117
Mississippi;1982;54.8;22.9;5493.0;2551000;215.3273226185809;47.3;10.992;0.4434
Missouri;1982;63.5;14.6;24233.0;5034639;481.3254733854801;68.1;9.267;0.4250
Montana;1982;74.4;17.0;1471.0;870804;168.92435037046224;52.9;8.592;0.4169
Nebraska;1982;73.4;13.6;3601.0;1661688;216.70734819051472;62.9;5.508;0.4077
Nevada;1982;75.5;7.8;6869.0;886170;775.1334394077886;85.3;9.967;0.4177
New Hampshire;1982;72.3;10.3;1141.0;1062106;107.42807215099056;52.2;6.85;0.4000
New Jersey;1982;67.4;12.2;45177.0;7441411;607.1026046001222;89.0;8.758;0.4389
New Mexico;1982;68.9;22.4;8168.0;1362303;599.5729290767179;72.1;9.042;0.4383
New York;1982;66.3;14.8;173355.0;18864583;918.9442459449012;84.6;8.7;0.4734
North Carolina;1982;54.8;20.3;26254.0;6024181;435.81027860882665;48.0;9.3;0.4368
North Dakota;1982;66.4;12.9;412.0;675030;61.03432440039702;48.8;5.525;0.4168
Ohio;1982;67.0;12.8;44881.0;11035040;406.7135234670649;73.3;12.725;0.4257
Oklahoma;1982;66.0;15.4;14038.0;3204221;438.1096060477726;67.3;6.1;0.4297
Oregon;1982;75.6;13.9;12495.0;2655904;470.4612817330747;67.9;11.333;0.4209
Pennsylvania;1982;64.7;13.5;42626.0;12090006;352.57219888890046;69.3;10.85;0.4333
Rhode Island;1982;61.1;13.3;3849.0;962568;399.8678534919091;87.0;9.842;0.4328
South Carolina;1982;53.7;21.2;23032.0;3260946;706.298111038944;54.1;10.8;0.4330
South Dakota;1982;67.9;16.8;560.0;703588;79.59203397442822;46.4;5.425;0.4067
Tennessee;1982;56.2;23.6;18833.0;4662895;403.8907159607927;60.4;11.808;0.4407
Texas;1982;62.6;16.2;88080.0;15451085;570.0570542457051;79.6;6.908;0.4411
Utah;1982;80.0;14.5;4443.0;1581972;280.8519999089744;84.4;8.125;0.3868
Vermont;1982;71.0;12.9;262.0;519791;50.4048742667726;33.8;7.05;0.4069
Virginia;1982;62.4;12.5;16951.0;5493803;308.54764905112177;66.0;7.333;0.4331
Washington;1982;77.6;12.9;16816.0;4258819;394.8512486677645;73.5;11.733;0.4174
West Virginia;1982;56.0;24.8;3371.0;1951516;172.7375025364896;36.2;14.008;0.4275
Wisconsin;1982;69.6;9.5;8832.0;4799408;184.022696132523;64.2;10.375;0.4042
Wyoming;1982;77.9;12.0;1528.0;502000;304.38247011952194;62.7;5.933;0.4000
Alabama;1983;56.5;23.0;16240.0;4018684;404.1123910215384;60.0;13.867;0.4426
Alaska;1983;82.5;12.6;2884.0;525359;548.9579506585021;64.3;10.125;0.3875
Arizona;1983;72.4;16.3;14555.0;2975728;489.12400595753377;83.8;9.1;0.4283
Arkansas;1983;55.5;21.5;6912.0;2357259;293.2219157928764;51.6;9.717;0.4358
California;1983;73.5;14.9;194619.0;25457775;764.4776497553302;91.3;9.833;0.4489
Colorado;1983;78.6;12.6;14879.0;3160502;470.7796419682696;80.6;7.117;0.4215
Connecticut;1983;70.3;8.8;11767.0;3205164;367.1262999334824;78.8;5.975;0.4574
Delaware;1983;68.6;8.6;2746.0;607678;451.8840570170386;70.6;7.725;0.4141
District of Columbia;1983;67.1;21.5;12369.0;623000;1985.3932584269664;100.0;10.842;0.4934
Florida;1983;66.7;14.7;88289.0;10806691;816.9845885294583;84.3;8.625;0.4445
Georgia;1983;56.4;18.8;24925.0;5764320;432.40139339939486;62.4;7.617;0.4403
Hawaii;1983;73.8;12.9;2579.0;1072227;240.52742562908784;86.5;5.892;0.4056
Idaho;1983;73.7;17.7;2345.0;1011239;231.89374618660872;54.0;9.192;0.4038
Illinois;1983;66.5;14.3;63117.0;11588790;544.6383962432661;83.3;11.7;0.4415
Indiana;1983;66.4;16.1;14140.0;5492393;257.4469816708309;64.2;11.1;0.4132
Iowa;1983;71.5;16.7;5262.0;2917664;180.3497592594624;58.6;8.167;0.4030
Kansas;1983;73.3;13.6;7908.0;2457371;321.8073298659421;66.7;5.9;0.4169
Kentucky;1983;53.1;17.9;10033.0;3725773;269.28640043287663;50.9;11.258;0.4383
Louisiana;1983;57.7;21.5;25913.0;4456297;581.491763228528;68.6;11.467;0.4550
Maine;1983;68.7;12.4;1829.0;1154058;158.4842356276721;47.5;8.258;0.4144
Maryland;1983;67.4;8.7;34737.0;4385408;792.1041782201337;80.3;6.95;0.4160
Massachusetts;1983;72.2;7.7;30991.0;5783341;535.866724787627;83.8;6.992;0.4465
Michigan;1983;68.0;16.8;61425.0;9231383;665.3932568933603;70.7;14.5;0.4257
Minnesota;1983;73.1;12.1;7905.0;4158158;190.10821618610933;66.9;8.058;0.4128
Mississippi;1983;54.8;27.0;5233.0;2587000;202.2806339389254;47.3;12.0;0.4445
Missouri;1983;63.5;16.7;22884.0;5042663;453.8078392309778;68.1;9.892;0.4261
Montana;1983;74.4;15.4;1687.0;889228;189.715123680316;52.9;8.75;0.4180
Nebraska;1983;73.4;15.2;3434.0;1671779;205.40992559423228;62.9;5.55;0.4088
Nevada;1983;75.5;9.7;5646.0;896228;629.9736227834882;85.3;9.8;0.4188
New Hampshire;1983;72.3;8.1;1195.0;1096524;108.98074278355968;52.2;5.475;0.4011
New Jersey;1983;67.4;11.1;41305.0;7471424;552.8397264028919;89.0;8.275;0.4400
New Mexico;1983;68.9;24.5;7427.0;1404645;528.7456973114204;72.1;9.75;0.4394
New York;1983;66.3;16.0;160741.0;18873093;851.6939963152832;84.6;8.933;0.4745
North Carolina;1983;54.8;15.8;24265.0;6087858;398.5802559783753;48.0;9.0;0.4378
North Dakota;1983;66.4;15.0;362.0;685104;52.83869310352881;48.8;5.8;0.4179
Ohio;1983;67.0;13.4;40815.0;10971041;372.024860721968;73.3;12.275;0.4268
Oklahoma;1983;66.0;17.0;13929.0;3327862;418.5570194917938;67.3;8.15;0.4307
Oregon;1983;75.6;16.1;12960.0;2668934;485.587129543106;67.9;10.833;0.4220
Pennsylvania;1983;64.7;15.4;40625.0;12106312;335.56875124315314;69.3;11.017;0.4344
Rhode Island;1983;61.1;14.5;3666.0;959553;382.0528933784793;87.0;8.458;0.4339
South Carolina;1983;53.7;20.8;20077.0;3318478;605.0062709471028;54.1;9.858;0.4341
South Dakota;1983;67.9;18.4;684.0;712748;95.96659688978431;46.4;5.158;0.4078
Tennessee;1983;56.2;20.0;18008.0;4698522;383.2694621840656;60.4;11.542;0.4417
Texas;1983;62.6;16.0;80518.0;15917022;505.8609581616461;79.6;8.075;0.4421
Utah;1983;80.0;13.5;4090.0;1648138;248.15883135999536;84.4;8.992;0.3879
Vermont;1983;71.0;15.6;255.0;528856;48.21728410001966;33.8;6.467;0.4080
Virginia;1983;62.4;11.3;16257.0;5552833;292.7694746087268;66.0;6.283;0.4342
Washington;1983;77.6;10.8;15722.0;4308192;364.932667810534;73.5;11.125;0.4185
West Virginia;1983;56.0;22.1;3290.0;1968542;167.12876839813424;36.2;17.075;0.4286
Wisconsin;1983;69.6;10.7;8948.0;4782685;187.0915604937394;64.2;9.85;0.4052
Wyoming;1983;77.9;12.6;1209.0;514000;235.2140077821012;62.7;7.825;0.4011
Alabama;1984;56.5;19.1;16858.0;4047951;416.4576102823379;60.0;11.383;0.4436
Alaska;1984;82.5;9.6;2822.0;557682;506.02314580710873;64.3;9.9;0.3886
Arizona;1984;72.4;18.2;15510.0;3061489;506.6162249807202;83.8;4.958;0.4293
Arkansas;1984;55.5;23.9;7489.0;2381048;314.52536866119453;51.6;8.525;0.4369
California;1984;73.5;13.2;195560.0;25824263;757.2723372589569;91.3;7.758;0.4499
Colorado;1984;78.6;8.9;14435.0;3198225;451.34410493320513;80.6;5.492;0.4226
Connecticut;1984;70.3;6.9;12418.0;3221649;385.4547779723986;78.8;4.65;0.4585
Delaware;1984;68.6;10.3;2671.0;614795;434.45376100976745;70.6;6.1;0.4152
District of Columbia;1984;67.1;21.1;10730.0;623000;1722.3113964687;100.0;8.858;0.4945
Florida;1984;66.7;15.1;95270.0;11004237;865.7574350679652;84.3;6.592;0.4456
Georgia;1984;56.4;16.9;26120.0;5874774;444.6128480857306;62.4;6.117;0.4414
Hawaii;1984;73.8;9.3;2408.0;1088227;221.27736216800355;86.5;5.417;0.4067
Idaho;1984;73.7;17.3;2351.0;1024888;229.39091881259225;54.0;7.208;0.4048
Illinois;1984;66.5;15.0;23097.0;11612480;198.89808206343525;83.3;9.15;0.4426
Indiana;1984;66.4;12.9;14781.0;5511510;268.1842181180838;64.2;8.483;0.4143
Iowa;1984;71.5;14.6;5781.0;2922583;197.80447638270667;58.6;6.917;0.4041
Kansas;1984;73.3;10.7;8130.0;2469215;329.2544391638638;66.7;4.933;0.4180
Kentucky;1984;53.1;19.1;10038.0;3754759;267.34072679498206;50.9;9.117;0.4394
Louisiana;1984;57.7;20.6;27185.0;4480197;606.7813535877998;68.6;10.258;0.4561
Maine;1984;68.7;13.0;1832.0;1163943;157.39602368844524;47.5;6.15;0.4155
Maryland;1984;67.4;8.7;34455.0;4438521;776.2720960428035;80.3;5.4;0.4171
Massachusetts;1984;72.2;8.9;28626.0;5814655;492.3077981410763;83.8;4.758;0.4476
Michigan;1984;68.0;16.7;65591.0;9268441;707.6810436620354;70.7;11.242;0.4268
Minnesota;1984;73.1;9.1;8800.0;4175935;210.73124940881505;66.9;6.375;0.4138
Mississippi;1984;54.8;25.1;5590.0;2614707;213.79068476888617;47.3;10.65;0.4456
Missouri;1984;63.5;14.5;22027.0;5080944;433.5218022477712;68.1;7.317;0.4272
Montana;1984;74.4;13.8;1779.0;889032;200.10528304942903;52.9;7.5;0.4191
Nebraska;1984;73.4;13.3;3575.0;1698403;210.49185617312264;62.9;4.433;0.4099
Nevada;1984;75.5;10.5;5473.0;916349;597.2615237207658;85.3;7.692;0.4199
New Hampshire;1984;72.3;7.1;1268.0;1112253;114.00283928206984;52.2;4.225;0.4022
New Jersey;1984;67.4;10.1;39678.0;7518447;527.7419658607688;89.0;6.308;0.4411
New Mexico;1984;68.9;19.5;7974.0;1436880;554.952396859863;72.1;7.7;0.4405
New York;1984;66.3;16.0;160421.0;18951381;846.4871240781872;84.6;7.258;0.4756
North Carolina;1984;54.8;14.6;24226.0;6170971;392.58003319088687;48.0;6.608;0.4389
North Dakota;1984;66.4;15.4;356.0;691036;51.51685295700948;48.8;5.292;0.4190
Ohio;1984;67.0;13.5;39130.0;10980343;356.3640953656912;73.3;9.417;0.4279
Oklahoma;1984;66.0;13.3;13434.0;3343462;401.799093275174;67.3;6.8;0.4318
Oregon;1984;75.6;12.8;13478.0;2680631;502.7920664947917;67.9;9.292;0.4230
Pennsylvania;1984;64.7;15.6;37788.0;12157173;310.8288415407102;69.3;8.842;0.4355
Rhode Island;1984;61.1;12.8;3220.0;966452;333.1774366445514;87.0;5.392;0.4350
South Carolina;1984;53.7;17.2;20551.0;3361430;611.3767057472564;54.1;6.967;0.4351
South Dakota;1984;67.9;14.5;762.0;718380;106.07199532280966;46.4;4.367;0.4089
Tennessee;1984;56.2;17.4;19957.0;4730831;421.84977649804017;60.4;8.7;0.4428
Texas;1984;62.6;15.7;80684.0;16115527;500.66001564826274;79.6;6.133;0.4432
Utah;1984;80.0;11.1;4001.0;1683740;237.62576169717417;84.4;6.567;0.3890
Vermont;1984;71.0;12.6;713.0;544102;131.04160616943145;33.8;4.858;0.4090
Virginia;1984;62.4;10.0;16683.0;5639141;295.84293068749304;66.0;5.058;0.4353
Washington;1984;77.6;11.3;17394.0;4353466;399.54371987744935;73.5;9.267;0.4196
West Virginia;1984;56.0;20.4;3229.0;1954068;165.24501706184228;36.2;14.083;0.4297
Wisconsin;1984;69.6;15.5;9346.0;4797837;194.7961133319036;64.2;7.283;0.4063
Wyoming;1984;77.9;10.9;1240.0;511000;242.6614481409001;62.7;6.258;0.4022
Alabama;1985;56.5;20.6;18107.0;4086156;443.130414012583;60.0;9.575;0.4447
Alaska;1985;82.5;8.7;2970.0;579424;512.5780085049981;64.3;9.8;0.3896
Arizona;1985;72.4;10.7;18648.0;3195861;583.5047268951935;83.8;6.325;0.4304
Arkansas;1985;55.5;22.9;8173.0;2402908;340.12954303702014;51.6;8.467;0.4380
California;1985;73.5;13.6;201371.0;26566282;757.9946640632663;91.3;7.183;0.4510
Colorado;1985;78.6;10.2;15191.0;3254888;466.71344759020894;80.6;5.983;0.4237
Connecticut;1985;70.3;7.6;12758.0;3242075;393.5134134774797;78.8;4.45;0.4596
Delaware;1985;68.6;11.4;2695.0;639650;421.32416165090285;70.6;5.067;0.4163
District of Columbia;1985;67.1;20.4;10179.0;626000;1626.0383386581468;100.0;7.983;0.4955
Florida;1985;66.7;13.4;106815.0;11393898;937.4754802965588;84.3;6.092;0.4467
Georgia;1985;56.4;17.7;28783.0;6014671;478.5465406171011;62.4;6.358;0.4425
Hawaii;1985;73.8;10.7;2313.0;1103930;209.52415461125253;86.5;5.242;0.4078
Idaho;1985;73.7;16.0;2318.0;1028987;225.2700957349316;54.0;7.833;0.4059
Illinois;1985;66.5;15.6;81397.0;11667537;697.6365277436017;83.3;9.05;0.4437
Indiana;1985;66.4;12.0;14871.0;5512510;269.76821810754086;64.2;7.658;0.4154
Iowa;1985;71.5;17.9;6106.0;2896470;210.8083287587995;58.6;7.375;0.4052
Kansas;1985;73.3;13.8;8680.0;2487754;348.9090963174012;66.7;5.142;0.4191
Kentucky;1985;53.1;19.4;11237.0;3740524;300.4124555810897;50.9;8.958;0.4405
Louisiana;1985;57.7;18.1;27719.0;4499550;616.0393817159494;68.6;11.408;0.4572
Maine;1985;68.7;11.9;1951.0;1173937;166.19290472998125;47.5;5.558;0.4165
Maryland;1985;67.4;8.7;36774.0;4482401;820.4085265909945;80.3;4.617;0.4182
Massachusetts;1985;72.2;9.2;29154.0;5849832;498.3732866174618;83.8;4.1;0.4487
Michigan;1985;68.0;14.5;66610.0;9282011;717.6246612937649;70.7;10.017;0.4279
Minnesota;1985;73.1;12.6;10751.0;4207040;255.54784361451283;66.9;5.992;0.4149
Mississippi;1985;54.8;25.1;5066.0;2629804;192.63793043131733;47.3;10.392;0.4467
Missouri;1985;63.5;13.7;24245.0;5101825;475.22210189491017;68.1;6.633;0.4283
Montana;1985;74.4;16.0;1624.0;916952;177.10850731554106;52.9;7.642;0.4202
Nebraska;1985;73.4;14.8;3776.0;1699840;222.13855421686748;62.9;5.058;0.4110
Nevada;1985;75.5;14.4;5978.0;941497;634.9462611139494;85.3;7.517;0.4210
New Hampshire;1985;72.3;6.0;1390.0;1134350;122.53713580464584;52.2;3.683;0.4032
New Jersey;1985;67.4;8.3;41171.0;7568785;543.9578479240724;89.0;5.617;0.4422
New Mexico;1985;68.9;18.5;8895.0;1463117;607.9486466222455;72.1;8.633;0.4415
New York;1985;66.3;15.8;162584.0;19028076;854.4426667204818;84.6;6.617;0.4767
North Carolina;1985;54.8;14.2;25511.0;6271897;406.7509399468773;48.0;5.675;0.4400
North Dakota;1985;66.4;15.9;320.0;690026;46.375064128018366;48.8;5.5;0.4201
Ohio;1985;67.0;12.8;38675.0;10962448;352.79528805974724;73.3;8.908;0.4290
Oklahoma;1985;66.0;16.0;13926.0;3344902;416.33506751468354;67.3;7.092;0.4329
Oregon;1985;75.6;11.9;14796.0;2705468;546.8924415295246;67.9;8.633;0.4241
Pennsylvania;1985;64.7;10.5;38385.0;12101429;317.1939446159623;69.3;7.975;0.4365
Rhode Island;1985;61.1;9.0;3348.0;972526;344.2581483682699;87.0;4.633;0.4361
South Carolina;1985;53.7;15.2;21085.0;3411276;618.0971577790833;54.1;6.842;0.4362
South Dakota;1985;67.9;17.3;753.0;720413;104.52337756259256;46.4;4.85;0.4099
Tennessee;1985;56.2;18.1;21452.0;4775964;449.1658647343238;60.4;7.925;0.4439
Texas;1985;62.6;15.9;89941.0;16495601;545.2423346078751;79.6;7.025;0.4443
Utah;1985;80.0;10.9;4359.0;1690917;257.78911679284084;84.4;6.05;0.3900
Vermont;1985;71.0;9.2;781.0;546603;142.88249424170743;33.8;4.608;0.4101
Virginia;1985;62.4;10.0;16813.0;5711438;294.37420138325933;66.0;5.308;0.4364
Washington;1985;77.6;12.0;18503.0;4412910;419.2924850042262;73.5;8.3;0.4207
West Virginia;1985;56.0;22.3;3115.0;1938052;160.72840150831868;36.2;13.175;0.4308
Wisconsin;1985;69.6;11.6;9809.0;4806893;204.06112638662856;64.2;7.133;0.4074
Wyoming;1985;77.9;12.0;1305.0;510203;255.7805422547496;62.7;6.983;0.4032
Alabama;1986;56.5;23.8;22009.0;4120193;534.1740059264214;60.0;9.533;0.4458
Alaska;1986;82.5;11.4;2842.0;534000;532.2097378277153;64.3;11.025;0.3907
Arizona;1986;72.4;14.3;21689.0;3326187;652.0679685177051;83.8;7.042;0.4315
Arkansas;1986;55.5;21.3;9324.0;2418887;385.4665389495252;51.6;8.542;0.4390
California;1986;73.5;12.7;248342.0;27193441;913.242277797797;91.3;6.767;0.4521
Colorado;1986;78.6;13.5;17095.0;3299695;518.0781860141619;80.6;7.517;0.4248
Connecticut;1986;70.3;6.0;13578.0;3257504;416.82220497657096;78.8;3.733;0.4607
Delaware;1986;68.6;12.4;2703.0;651392;414.9575063863234;70.6;4.325;0.4174
District of Columbia;1986;67.1;12.8;9423.0;626000;1505.2715654952076;100.0;7.333;0.4966
Florida;1986;66.7;11.4;120972.0;11703727;1033.6194615612617;84.3;5.858;0.4478
Georgia;1986;56.4;14.6;34494.0;6149745;560.9013056638934;62.4;5.908;0.4436
Hawaii;1986;73.8;10.7;2604.0;1111930;234.187403883338;86.5;4.642;0.4089
Idaho;1986;73.7;18.5;2164.0;1036521;208.7753166602509;54.0;8.467;0.4070
Illinois;1986;66.5;13.3;88508.0;11659357;759.115618468497;83.3;8.317;0.4448
Indiana;1986;66.4;12.7;14874.0;5517626;269.5724574300614;64.2;6.783;0.4165
Iowa;1986;71.5;12.9;6703.0;2863256;234.10411084443723;58.6;6.792;0.4063
Kansas;1986;73.3;11.1;8965.0;2476142;362.0551648491888;66.7;5.367;0.4201
Kentucky;1986;53.1;17.7;12401.0;3740656;331.51939125116024;50.9;9.233;0.4416
Louisiana;1986;57.7;22.0;30538.0;4527564;674.490741599677;68.6;12.375;0.4583
Maine;1986;68.7;10.2;1724.0;1184338;145.56655279151727;47.5;5.258;0.4176
Maryland;1986;67.4;9.2;37154.0;4540424;818.2936219172482;80.3;4.508;0.4193
Massachusetts;1986;72.2;9.2;29116.0;5860271;496.8370916635084;83.8;4.017;0.4498
Michigan;1986;68.0;13.9;72688.0;9341302;778.135638907724;70.7;8.908;0.4290
Minnesota;1986;73.1;12.5;11989.0;4228232;283.5464089955329;66.9;5.542;0.4160
Mississippi;1986;54.8;26.6;4906.0;2641643;185.71775217165984;47.3;11.417;0.4478
Missouri;1986;63.5;14.4;28001.0;5136721;545.1142859423356;68.1;6.408;0.4294
Montana;1986;74.4;16.5;1005.0;895401;112.24021416102951;52.9;7.942;0.4213
Nebraska;1986;73.4;13.6;4147.0;1690837;245.2631448211744;62.9;4.858;0.4121
Nevada;1986;75.5;8.1;6448.0;968281;665.9223923633739;85.3;6.333;0.4221
New Hampshire;1986;72.3;3.7;1433.0;1167503;122.7405839642382;52.2;2.633;0.4043
New Jersey;1986;67.4;8.9;43287.0;7634094;567.0220984965603;89.0;5.033;0.4433
New Mexico;1986;68.9;21.3;9138.0;1492636;612.2055209709534;72.1;9.217;0.4426
New York;1986;66.3;13.2;173988.0;19023903;914.575731383828;84.6;6.208;0.4778
North Carolina;1986;54.8;14.3;29270.0;6347911;461.09657176983103;48.0;5.317;0.4411
North Dakota;1986;66.4;13.5;344.0;683963;50.29511830318307;48.8;5.558;0.4212
Ohio;1986;67.0;12.8;42232.0;11048280;382.2495447255138;73.3;8.317;0.4301
Oklahoma;1986;66.0;14.7;14418.0;3347384;430.724410465008;67.3;8.325;0.4340
Oregon;1986;75.6;12.3;14799.0;2716601;544.7616341155731;67.9;7.933;0.4252
Pennsylvania;1986;64.7;10.1;41600.0;12211542;340.6613186115234;69.3;6.992;0.4376
Rhode Island;1986;61.1;9.1;3266.0;979561;333.41466228238977;87.0;4.05;0.4372
South Carolina;1986;53.7;17.3;22707.0;3444418;659.2405451370885;54.1;6.375;0.4373
South Dakota;1986;67.9;17.0;783.0;720397;108.6900695033433;46.4;4.65;0.4110
Tennessee;1986;56.2;18.3;24305.0;4819521;504.30322847436497;60.4;7.883;0.4450
Texas;1986;62.6;17.3;109889.0;16793731;654.3453625641616;79.6;8.825;0.4454
Utah;1986;80.0;12.6;4438.0;1716434;258.5593154178955;84.4;6.158;0.3911
Vermont;1986;71.0;11.0;807.0;554275;145.5955978530513;33.8;4.242;0.4112
Virginia;1986;62.4;9.7;17727.0;5792479;306.03477371260215;66.0;4.908;0.4374
Washington;1986;77.6;12.9;19185.0;4466923;429.490277759433;73.5;8.075;0.4218
West Virginia;1986;56.0;22.4;3131.0;1920946;162.99260885001453;36.2;12.033;0.4319
Wisconsin;1986;69.6;10.7;12172.0;4817106;252.68283488052785;64.2;6.792;0.4085
Wyoming;1986;77.9;14.6;1483.0;509376;291.1405327302425;62.7;8.467;0.4043
Alabama;1987;56.5;21.3;22219.0;4149862;535.415394536011;60.0;8.2;0.4469
Alaska;1987;82.5;12.0;2317.0;525000;441.3333333333333;64.3;10.15;0.3918
Arizona;1987;72.4;12.8;20517.0;3395685;604.2079874900056;83.8;6.492;0.4326
Arkansas;1987;55.5;21.8;9751.0;2439566;399.7022421201148;51.6;8.117;0.4401
California;1987;73.5;12.3;253879.0;27885070;910.4477772514108;91.3;5.833;0.4532
Colorado;1987;78.6;12.5;15402.0;3328320;462.7559850014421;80.6;7.525;0.4259
Connecticut;1987;70.3;6.6;13367.0;3285408;406.8596655270822;78.8;3.167;0.4618
Delaware;1987;68.6;6.6;2655.0;662642;400.6688377736395;70.6;3.042;0.4184
District of Columbia;1987;67.1;14.9;10016.0;622000;1610.289389067524;100.0;6.208;0.4977
Florida;1987;66.7;12.4;122992.0;12051914;1020.5184006457398;84.3;5.4;0.4488
Georgia;1987;56.4;14.6;34566.0;6269031;551.377078849985;62.4;5.55;0.4446
Hawaii;1987;73.8;8.8;2851.0;1133879;251.4377636414468;86.5;3.7;0.4100
Idaho;1987;73.7;15.1;2126.0;1028254;206.75825233843;54.0;7.683;0.4081
Illinois;1987;66.5;14.4;87475.0;11686765;748.4962690701832;83.3;7.442;0.4458
Indiana;1987;66.4;11.1;15370.0;5545171;277.1781068609065;64.2;6.133;0.4176
Iowa;1987;71.5;14.5;6509.0;2846018;228.70551064680544;58.6;5.608;0.4074
Kansas;1987;73.3;9.2;8748.0;2489404;351.4094136588517;66.7;4.792;0.4212
Kentucky;1987;53.1;17.3;10898.0;3745872;290.9335930325436;50.9;8.25;0.4426
Louisiana;1987;57.7;25.1;27102.0;4487402;603.9574791828323;68.6;11.75;0.4594
Maine;1987;68.7;11.7;1799.0;1193494;150.73389560399968;47.5;4.342;0.4187
Maryland;1987;67.4;9.2;29538.0;4614486;640.114630318523;80.3;4.308;0.4204
Massachusetts;1987;72.2;8.2;30873.0;5884226;524.6739333261503;83.8;3.342;0.4508
Michigan;1987;68.0;12.2;71257.0;9422447;756.2472890534699;70.7;8.383;0.4301
Minnesota;1987;73.1;11.3;12107.0;4260244;284.18560063695884;66.9;5.133;0.4171
Mississippi;1987;54.8;25.0;4812.0;2642649;182.0900164948126;47.3;10.075;0.4488
Missouri;1987;63.5;14.0;26504.0;5174684;512.1858648760001;68.1;6.242;0.4304
Montana;1987;74.4;18.0;629.0;882767;71.2532299009818;52.9;7.458;0.4224
Nebraska;1987;73.4;11.9;3936.0;1684553;233.6524882268472;62.9;4.317;0.4132
Nevada;1987;75.5;10.4;6408.0;1011971;633.219726652246;85.3;6.192;0.4231
New Hampshire;1987;72.3;4.8;1571.0;1199593;130.96108430109211;52.2;2.208;0.4054
New Jersey;1987;67.4;8.3;41378.0;7686328;538.3324781352031;89.0;4.042;0.4444
New Mexico;1987;68.9;19.4;7880.0;1513969;520.4862186742265;72.1;8.967;0.4437
New York;1987;66.3;14.3;179083.0;19376674;924.2195022737131;84.6;4.783;0.4789
North Carolina;1987;54.8;13.8;29996.0;6438075;465.915665785192;48.0;4.55;0.4422
North Dakota;1987;66.4;11.4;369.0;680134;54.25401465005426;48.8;4.975;0.4223
Ohio;1987;67.0;12.7;41916.0;11081160;378.2636474881691;73.3;7.1;0.4312
Oklahoma;1987;66.0;17.0;13652.0;3319416;411.27716441687335;67.3;7.175;0.4351
Oregon;1987;75.6;14.2;14580.0;2743106;531.5142761526532;67.9;6.142;0.4263
Pennsylvania;1987;64.7;10.6;42052.0;12287271;342.2403558935096;69.3;5.775;0.4387
Rhode Island;1987;61.1;8.1;3708.0;990693;374.28345612616624;87.0;3.725;0.4383
South Carolina;1987;53.7;15.6;22638.0;3493298;648.0409057572529;54.1;5.467;0.4384
South Dakota;1987;67.9;15.2;769.0;723988;106.21723011983624;46.4;4.333;0.4121
Tennessee;1987;56.2;16.9;24232.0;4871746;497.3986739045919;60.4;6.65;0.4461
Texas;1987;62.6;17.6;105908.0;16897175;626.7793284972192;79.6;8.525;0.4465
Utah;1987;80.0;10.2;3844.0;1733174;221.7896183533794;84.4;6.225;0.3922
Vermont;1987;71.0;9.3;748.0;561378;133.24355425399642;33.8;3.633;0.4123
Virginia;1987;62.4;9.9;17093.0;5909479;289.24715698287446;66.0;4.2;0.4385
Washington;1987;77.6;10.0;19531.0;4542029;430.0060611678173;73.5;7.258;0.4228
West Virginia;1987;56.0;21.6;2605.0;1945724;133.88332569264705;36.2;10.9;0.4329
Wisconsin;1987;69.6;9.0;11785.0;4840238;243.47976277199592;64.2;5.733;0.4096
Wyoming;1987;77.9;10.8;1388.0;492578;281.7827836403575;62.7;7.925;0.4054
Alabama;1988;56.5;19.3;21680.0;4199336;516.2720963504706;60.0;7.267;0.4480
Alaska;1988;82.5;11.0;2607.0;513000;508.1871345029239;64.3;8.783;0.3929
Arizona;1988;72.4;14.1;20864.0;3475852;600.2557070899452;83.8;6.425;0.4337
Arkansas;1988;55.5;21.6;10200.0;2476263;411.9110126832247;51.6;7.667;0.4412
California;1988;73.5;13.2;261283.0;28413241;919.5818245444086;91.3;5.275;0.4543
Colorado;1988;78.6;12.5;15541.0;3320311;468.0585643935161;80.6;6.417;0.4269
Connecticut;1988;70.3;4.0;14760.0;3326040;443.77097088429485;78.8;2.908;0.4629
Delaware;1988;68.6;8.6;2981.0;679081;438.975615574578;70.6;3.008;0.4195
District of Columbia;1988;67.1;15.2;11914.0;620000;1921.6129032258063;100.0;5.0;0.4988
Florida;1988;66.7;13.6;135104.75;12412311;1090.4937902821057;84.3;5.192;0.4499
Georgia;1988;56.4;14.0;41313.0;6449325;640.5786652091498;62.4;5.608;0.4457
Hawaii;1988;73.8;11.1;2810.0;1143879;245.65535340713487;86.5;3.042;0.4111
Idaho;1988;73.7;12.5;2474.0;1031963;239.7372774023875;54.0;6.183;0.4092
Illinois;1988;66.5;12.7;89041.0;11667531;763.1520327651155;83.3;6.733;0.4469
Indiana;1988;66.4;10.1;18621.0;5589356;333.15108216402746;64.2;5.158;0.4187
Iowa;1988;71.5;9.4;7279.0;2845958;255.76624813156064;58.6;4.658;0.4085
Kansas;1988;73.3;8.1;8734.0;2490770;350.6546168453932;66.7;4.492;0.4223
Kentucky;1988;53.1;17.6;12348.0;3740136;330.80746160414566;50.9;7.425;0.4437
Louisiana;1988;57.7;22.8;27759.0;4446242;624.3249917570838;68.6;10.5;0.4605
Maine;1988;68.7;13.2;1896.0;1217917;155.6756330685917;47.5;3.675;0.4198
Maryland;1988;67.4;9.8;37464.0;4775413;784.518532742613;80.3;4.208;0.4215
Massachusetts;1988;72.2;8.5;32623.0;5900227;552.9109303760686;83.8;3.3;0.4519
Michigan;1988;68.0;12.1;67848.0;9535293;711.5460426858409;70.7;7.542;0.4311
Minnesota;1988;73.1;11.6;12490.0;4320534;289.0846362972725;66.9;4.308;0.4182
Mississippi;1988;54.8;27.2;5900.0;2645137;223.05082874724448;47.3;8.533;0.4499
Missouri;1988;63.5;12.7;27228.0;5210876;522.5225086914369;68.1;5.692;0.4315
Montana;1988;74.4;14.6;855.0;889906;96.07756324825318;52.9;6.65;0.4234
Nebraska;1988;73.4;10.3;4309.0;1691578;254.7325633225308;62.9;3.475;0.4142
Nevada;1988;75.5;8.6;7417.0;1065008;696.4266935084056;85.3;5.225;0.4242
New Hampshire;1988;72.3;6.7;1549.0;1239280;124.99193079852816;52.2;2.375;0.4065
New Jersey;1988;67.4;6.2;44951.0;7734524;581.1734503635905;89.0;3.75;0.4454
New Mexico;1988;68.9;23.0;8251.0;1529411;539.4887312828272;72.1;7.617;0.4448
New York;1988;66.3;13.4;195181.0;19440858;1003.9731785500414;84.6;4.233;0.4799
North Carolina;1988;54.8;12.6;31584.0;6551413;482.09447336017433;48.0;3.692;0.4433
North Dakota;1988;66.4;11.6;390.0;670762;58.14282860388632;48.8;4.667;0.4233
Ohio;1988;67.0;12.4;43336.0;11172374;387.88533215948553;73.3;6.042;0.4322
Oklahoma;1988;66.0;17.3;14178.0;3312954;427.9564400833818;67.3;6.358;0.4362
Oregon;1988;75.6;10.4;14919.0;2760232;540.4980450918619;67.9;5.742;0.4274
Pennsylvania;1988;64.7;10.3;41288.0;12399175;332.98989650521105;69.3;5.158;0.4398
Rhode Island;1988;61.1;9.8;3939.0;999739;394.0028347398671;87.0;2.958;0.4393
South Carolina;1988;53.7;15.5;25746.0;3562408;722.7134005986961;54.1;4.608;0.4395
South Dakota;1988;67.9;14.2;574.0;730011;78.6289521664742;46.4;4.15;0.4132
Tennessee;1988;56.2;18.0;24589.0;4935903;498.16619167759177;60.4;5.775;0.4472
Texas;1988;62.6;18.0;109479.0;16890568;648.1664796589434;79.6;7.417;0.4476
Utah;1988;80.0;9.8;4097.0;1750459;234.0528969830199;84.4;4.95;0.3933
Vermont;1988;71.0;8.1;783.0;564545;138.69576384522048;33.8;3.017;0.4134
Virginia;1988;62.4;10.8;17957.0;6001507;299.2081822115679;66.0;3.917;0.4396
Washington;1988;77.6;8.7;21033.0;4627950;454.477684503938;73.5;6.292;0.4239
West Virginia;1988;56.0;17.9;2476.0;1931914;128.16305487718398;36.2;9.842;0.4340
Wisconsin;1988;69.6;7.8;10365.0;4891622;211.8929058704864;64.2;4.392;0.4107
Wyoming;1988;77.9;9.6;1477.0;474665;311.1668229172153;62.7;6.367;0.4065
Alabama;1989;56.5;18.9;23626.0;4194689;563.2360349003228;60.0;6.983;0.4491
Alaska;1989;82.5;10.5;2515.0;527000;477.2296015180265;64.3;7.133;0.3940
Arizona;1989;72.4;14.1;20249.0;3565734;567.8774692671972;83.8;5.275;0.4348
Arkansas;1989;55.5;18.3;11378.0;2465686;461.4537293069758;51.6;7.025;0.4423
California;1989;73.5;12.9;283221.0;29323401;965.8531764443012;91.3;5.108;0.4554
Colorado;1989;78.6;12.1;15635.0;3353058;466.2907709917335;80.6;5.575;0.4280
Connecticut;1989;70.3;2.9;16576.0;3324648;498.57909769695925;78.8;3.633;0.4639
Delaware;1989;68.6;10.0;3745.0;692488;540.8035951525515;70.6;3.275;0.4206
District of Columbia;1989;67.1;18.0;12937.0;604000;2141.887417218543;100.0;4.8;0.4999
Florida;1989;66.7;12.5;140484.0;12706303;1105.624507773819;84.3;5.608;0.4510
Georgia;1989;56.4;15.0;46159.0;6484989;711.7822404941627;62.4;5.417;0.4468
Hawaii;1989;73.8;11.3;707.0;1162879;60.79738304673143;86.5;2.483;0.4122
Idaho;1989;73.7;12.4;2525.0;1048197;240.8898327318243;54.0;5.433;0.4103
Illinois;1989;66.5;12.7;94011.0;11781259;797.9707431947638;83.3;6.05;0.4480
Indiana;1989;66.4;13.7;18966.0;5607665;338.2156387730009;64.2;4.733;0.4197
Iowa;1989;71.5;10.3;7550.0;2851865;264.739039190144;58.6;4.35;0.4095
Kansas;1989;73.3;10.8;10073.0;2514672;400.5691398321531;66.7;4.133;0.4234
Kentucky;1989;53.1;16.1;11745.0;3746539;313.48932975207254;50.9;6.342;0.4448
Louisiana;1989;57.7;23.3;30272.0;4408399;686.6892039490981;68.6;7.775;0.4616
Maine;1989;68.7;10.4;1669.0;1234299;135.2184519310151;47.5;4.025;0.4209
Maryland;1989;67.4;9.0;40124.0;4826741;831.2855402848422;80.3;3.775;0.4225
Massachusetts;1989;72.2;8.8;32218.0;5943089;542.1086576357851;83.8;4.208;0.4530
Michigan;1989;68.0;13.2;64436.0;9501079;678.196655348303;70.7;7.2;0.4322
Minnesota;1989;73.1;11.2;12549.0;4369480;287.1966458251325;66.9;4.333;0.4193
Mississippi;1989;54.8;22.0;5639.0;2639599;213.6309340926406;47.3;7.858;0.4510
Missouri;1989;63.5;12.6;31424.0;5228852;600.9732155356472;68.1;5.55;0.4326
Montana;1989;74.4;15.6;877.0;880653;99.5851941684182;52.9;5.958;0.4245
Nebraska;1989;73.4;12.8;4440.0;1700942;261.03182824576027;62.9;2.858;0.4153
Nevada;1989;75.5;10.8;6449.0;1116112;577.8093954728558;85.3;4.683;0.4253
New Hampshire;1989;72.3;7.7;1783.0;1249584;142.68748639547243;52.2;3.375;0.4076
New Jersey;1989;67.4;8.2;47064.0;7751018;607.1976610040126;89.0;4.042;0.4465
New Mexico;1989;68.9;19.5;9027.0;1548271;583.037465663311;72.1;6.733;0.4459
New York;1989;66.3;12.6;202374.0;19493230;1038.1758179634674;84.6;4.858;0.4810
North Carolina;1989;54.8;12.2;34297.0;6603111;519.4066857273791;48.0;3.567;0.4444
North Dakota;1989;66.4;12.2;413.0;667679;61.85607155534321;48.8;4.333;0.4244
Ohio;1989;67.0;10.6;46866.0;11217687;417.78666136789167;73.3;5.567;0.4333
Oklahoma;1989;66.0;14.7;15836.0;3268862;484.4499400708871;67.3;5.758;0.4372
Oregon;1989;75.6;11.2;14564.0;2839984;512.8197905340312;67.9;5.333;0.4285
Pennsylvania;1989;64.7;10.4;44541.0;12452069;357.6995919312686;69.3;4.933;0.4409
Rhode Island;1989;61.1;6.7;3763.0;1002916;375.2058995967758;87.0;3.9;0.4404
South Carolina;1989;53.7;17.0;28491.0;3580250;795.7824174289506;54.1;4.6;0.4406
South Dakota;1989;67.9;13.2;846.0;729630;115.94917972122856;46.4;3.925;0.4143
Tennessee;1989;56.2;18.4;25149.0;4956954;507.3478591893328;60.4;5.1;0.4482
Texas;1989;62.6;17.1;111776.0;17103967;653.5092122195979;79.6;6.733;0.4486
Utah;1989;80.0;8.2;4272.0;1768099;241.61542990522588;84.4;4.592;0.3944
Vermont;1989;71.0;8.0;720.0;575708;125.06340019593266;33.8;3.55;0.4145
Virginia;1989;62.4;10.9;19054.0;6105035;312.1030428162984;66.0;3.9;0.4407
Washington;1989;77.6;9.6;21999.0;4768628;461.32766070240746;73.5;5.85;0.4250
West Virginia;1989;56.0;15.7;2718.0;1905559;142.63531068835968;36.2;8.658;0.4351
Wisconsin;1989;69.6;8.4;10798.0;4895544;220.5679287123147;64.2;4.308;0.4117
Wyoming;1989;77.9;10.9;1226.0;478726;256.09638916624544;62.7;6.008;0.4076
Alabama;1990;66.9;19.2;27955.0;4114708;679.3920735080108;60.4;6.825;0.4501
Alaska;1990;86.6;11.4;2776.0;550043;504.68781531625706;67.5;7.25;0.3951
Arizona;1990;78.7;13.7;23597.0;3679876;641.2444332363373;87.5;5.225;0.4359
Arkansas;1990;66.3;19.6;12230.0;2407377;508.0218013215213;53.5;6.875;0.4434
California;1990;76.2;13.9;309460.0;30047608;1029.8989523558746;92.6;5.783;0.4564
Colorado;1990;84.4;13.7;17322.0;3328664;520.3889608563676;82.4;5.125;0.4291
Connecticut;1990;79.2;6.0;18154.0;3366867;539.195637962533;79.1;4.917;0.4650
Delaware;1990;77.5;6.9;4326.0;685172;631.3743118516227;73.0;4.358;0.4217
District of Columbia;1990;73.1;21.1;14921.0;606900;2458.559894546054;100.0;6.025;0.5010
Florida;1990;74.4;14.4;155971.0;12973660;1202.2127911476025;84.8;6.183;0.4521
Georgia;1990;70.9;15.8;47735.0;6573238;726.2022157116478;63.2;5.367;0.4479
Hawaii;1990;80.1;11.0;3113.0;1159108;268.5685889494335;89.0;2.608;0.4132
Idaho;1990;79.7;14.9;2755.0;1040226;264.84629301709435;57.4;5.583;0.4113
Illinois;1990;76.2;13.7;105899.0;11549939;916.8793012673052;84.6;6.317;0.4491
Indiana;1990;75.6;13.0;21339.0;5557361;383.9772150846418;64.9;5.125;0.4208
Iowa;1990;80.1;10.4;8220.0;2789295;294.6981226438939;60.6;4.425;0.4106
Kansas;1990;81.3;10.3;11080.0;2479255;446.908446287292;69.1;4.275;0.4245
Kentucky;1990;64.6;17.3;14348.0;3704741;387.2875323808061;51.8;6.042;0.4459
Louisiana;1990;68.3;23.6;33763.0;4243959;795.5543397096908;68.1;6.308;0.4626
Maine;1990;78.8;13.1;1756.0;1237608;141.8866070678276;44.6;5.358;0.4220
Maryland;1990;78.4;9.9;43934.0;4915457;893.7927846790237;81.3;4.4;0.4236
Massachusetts;1990;80.0;10.7;34996.0;6046866;578.7460810277588;84.3;6.367;0.4541
Michigan;1990;76.8;14.3;72238.0;9526552;758.2806455053203;70.5;7.683;0.4333
Minnesota;1990;82.4;12.0;8352.0;4391132;190.20152434497527;69.9;4.725;0.4203
Mississippi;1990;64.3;25.7;5996.0;2591165;231.40170541050068;47.1;7.55;0.4521
Missouri;1990;73.9;13.4;35374.0;5183863;682.3868609181994;68.7;5.908;0.4337
Montana;1990;81.0;16.3;1084.0;872769;124.20239490632687;52.5;6.067;0.4256
Nebraska;1990;81.8;10.3;5192.0;1671699;310.58222802071424;66.1;2.375;0.4164
Nevada;1990;78.8;9.8;6698.0;1206589;555.1186029377029;88.3;4.8;0.4264
New Hampshire;1990;82.2;6.3;1410.0;1257860;112.09514572368944;51.0;5.242;0.4087
New Jersey;1990;76.7;9.2;50060.0;7760737;645.0418304344033;89.4;5.05;0.4476
New Mexico;1990;75.1;20.9;9249.0;1536357;602.0085175515848;73.0;6.667;0.4470
New York;1990;74.8;14.3;211625.0;19570457;1081.3493011430444;84.3;5.333;0.4821
North Carolina;1990;70.0;13.0;39986.0;6656486;600.7073401791877;50.4;4.125;0.4454
North Dakota;1990;76.7;13.7;370.0;646556;57.2262882101473;53.3;4.158;0.4255
Ohio;1990;75.7;11.5;51093.0;11145651;458.4119850872775;74.1;5.742;0.4344
Oklahoma;1990;74.6;15.6;17214.0;3190024;539.619764616191;67.7;5.4;0.4383
Oregon;1990;81.5;9.2;14366.0;2864558;501.50843515823385;70.5;5.4;0.4295
Pennsylvania;1990;74.7;11.0;50966.0;12268767;415.4125675383679;68.9;5.517;0.4420
Rhode Island;1990;72.0;7.5;4334.0;1008925;429.5661223579552;86.0;6.225;0.4415
South Carolina;1990;68.3;16.2;33894.0;3555097;953.3917077368072;54.6;4.9;0.4416
South Dakota;1990;77.1;13.3;1058.0;704888;150.09476682820534;50.0;3.617;0.4154
Tennessee;1990;67.1;16.9;30129.0;4892545;615.8144687478602;60.9;5.367;0.4493
Texas;1990;72.1;15.9;129286.0;17094108;756.3190778951438;80.3;6.367;0.4497
Utah;1990;85.1;8.2;4880.0;1782310;273.80197608721267;87.0;4.367;0.3955
Vermont;1990;80.8;10.9;690.0;571253;120.78711184011289;32.2;4.808;0.4155
Virginia;1990;75.2;11.1;21763.0;6193231;351.39977824176106;69.4;4.45;0.4418
Washington;1990;83.8;8.9;24144.0;4877382;495.0196642379047;76.4;5.167;0.4261
West Virginia;1990;66.0;18.1;3036.0;1834076;165.53294410918633;36.1;8.642;0.4362
Wisconsin;1990;78.6;9.3;12944.0;4916209;263.29230510745174;65.7;4.408;0.4128
Wyoming;1990;83.0;11.0;1366.0;457141;298.8137139307128;65.0;5.15;0.4087
Alabama;1991;66.9;18.8;32509.0;4161618;781.1625190010232;60.4;7.267;0.4512
Alaska;1991;86.6;11.8;3375.0;570000;592.1052631578948;67.5;8.308;0.3961
Arizona;1991;78.7;14.8;24895.0;3764985;661.2244139086876;87.5;5.858;0.4369
Arkansas;1991;66.3;17.3;14031.0;2432370;576.8448056833458;53.5;7.308;0.4445
California;1991;76.2;15.7;328235.0;30612217;1072.235310497113;92.6;7.817;0.4575
Colorado;1991;84.4;10.4;18816.0;3408245;552.072987710684;82.4;5.275;0.4302
Connecticut;1991;79.2;8.6;17642.0;3370840;523.3710291796704;79.1;6.492;0.4661
Delaware;1991;77.5;7.5;4842.0;699396;692.311651768097;73.0;5.975;0.4228
District of Columbia;1991;73.1;18.6;14671.0;598000;2453.344481605351;100.0;7.675;0.5021
Florida;1991;74.4;15.4;158209.0;13313659;1188.3209566956762;84.8;7.675;0.4532
Georgia;1991;70.9;17.2;47026.0;6675591;704.4469920341135;63.2;5.292;0.4490
Hawaii;1991;80.1;7.7;2744.0;1187105;231.1505721903285;89.0;2.767;0.4143
Idaho;1991;79.7;13.9;2879.0;1071462;268.69828328022834;57.4;6.342;0.4124
Illinois;1991;76.2;13.5;115010.0;11649720;987.2340279423024;84.6;7.267;0.4502
Indiana;1991;75.6;15.7;23084.0;5623357;410.5021253318969;64.9;5.675;0.4219
Iowa;1991;80.1;9.6;6938.5;2807619;245.88168206904103;60.6;4.675;0.4117
Kansas;1991;81.3;12.3;12246.0;2496051;490.6149754151658;69.1;4.475;0.4256
Kentucky;1991;64.6;18.8;16175.0;3731114;433.5166387304167;51.8;7.275;0.4470
Louisiana;1991;68.3;19.0;35011.0;4276163;818.7480224678058;68.1;7.258;0.4637
Maine;1991;78.8;14.1;1616.0;1244734;129.82693491139472;44.6;7.775;0.4230
Maryland;1991;78.4;9.1;46456.0;4994174;930.2038735534644;81.3;5.817;0.4247
Massachusetts;1991;80.0;11.0;34758.0;6026328;576.7691370267268;84.3;8.883;0.4552
Michigan;1991;76.8;14.1;74242.0;9594949;773.761277939049;70.5;9.283;0.4344
Minnesota;1991;82.4;12.9;14003.0;4448238;314.7988034812886;69.9;5.092;0.4214
Mississippi;1991;64.3;23.7;6692.0;2610080;256.39060871697416;47.1;8.375;0.4532
Missouri;1991;73.9;14.8;37272.0;5228955;712.8001675286936;68.7;6.558;0.4348
Montana;1991;81.0;15.4;766.0;882516;86.79729319355117;52.5;6.933;0.4267
Nebraska;1991;81.8;9.5;5325.0;1687149;315.62120476614695;66.1;2.625;0.4175
Nevada;1991;78.8;11.4;8089.0;1289081;627.5012974359253;88.3;5.833;0.4275
New Hampshire;1991;82.2;7.3;1236.0;1250358;98.8516888763058;51.0;6.758;0.4097
New Jersey;1991;76.7;9.7;49315.0;7793921;632.7367187837802;89.4;6.758;0.4487
New Mexico;1991;75.1;22.4;9964.0;1569748;634.7515652193855;73.0;7.267;0.4480
New York;1991;74.8;15.3;210492.0;19643856;1071.5411475221567;84.3;7.308;0.4832
North Carolina;1991;70.0;14.5;42688.0;6761034;631.382714537451;50.4;5.925;0.4465
North Dakota;1991;76.7;14.5;368.0;646827;56.89311052259723;53.3;4.358;0.4266
Ohio;1991;75.7;13.4;56778.0;11240577;505.1164188457586;74.1;6.6;0.4355
Oklahoma;1991;74.6;17.0;18515.0;3218783;575.2174035963282;67.7;6.0;0.4394
Oregon;1991;81.5;13.5;14717.0;2951615;498.6083889667182;70.5;6.175;0.4306
Pennsylvania;1991;74.7;11.0;51678.0;12358119;418.17043516088495;68.9;6.925;0.4431
Rhode Island;1991;72.0;10.4;4632.0;1009463;458.8578283701335;86.0;8.283;0.4426
South Carolina;1991;68.3;16.4;34579.0;3617018;956.0085130900648;54.6;6.125;0.4427
South Dakota;1991;77.1;14.0;1226.0;711971;172.1980249195543;50.0;3.525;0.4165
Tennessee;1991;67.1;15.5;32332.0;4968596;650.7270866860578;60.9;6.667;0.4504
Texas;1991;72.1;17.5;145658.0;17460071;834.2348665134294;80.3;6.983;0.4508
Utah;1991;85.1;12.9;4999.0;1834157;272.55027786607144;87.0;4.758;0.3965
Vermont;1991;80.8;12.6;620.0;575557;107.72173737787917;32.2;6.342;0.4166
Virginia;1991;75.2;9.9;23459.0;6291964;372.8406583381597;69.4;5.817;0.4429
Washington;1991;83.8;9.5;25842.0;5028026;513.9591561380153;76.4;6.142;0.4272
West Virginia;1991;66.0;17.9;3439.0;1841734;186.7262047613825;36.1;10.683;0.4373
Wisconsin;1991;78.6;9.9;13670.0;4979753;274.5116073026112;65.7;5.367;0.4139
Wyoming;1991;83.0;9.9;1427.0;463980;307.5563601879391;65.0;5.058;0.4097
Alabama;1992;66.9;17.3;27996.0;4209409;665.0814876862762;60.4;7.533;0.4523
Alaska;1992;86.6;10.2;3773.0;587000;642.7597955706985;67.5;8.85;0.3972
Arizona;1992;78.7;15.8;25096.0;3847312;652.2995795506057;87.5;7.575;0.4380
Arkansas;1992;66.3;17.5;13797.0;2460041;560.8443111313999;53.5;6.992;0.4455
California;1992;76.2;16.4;345508.0;31102927;1110.853650526203;92.6;9.367;0.4586
Colorado;1992;84.4;10.8;19372.0;3502092;553.1550855888423;82.4;6.125;0.4313
Connecticut;1992;79.2;9.8;16256.0;3360593;483.7241522552716;79.1;7.3;0.4672
Delaware;1992;77.5;7.8;3178.0;707864;448.9562966897596;73.0;5.458;0.4239
District of Columbia;1992;73.1;20.3;16685.0;589000;2832.76740237691;100.0;8.567;0.5031
Florida;1992;74.4;15.6;160985.0;13525227;1190.2572873638276;84.8;8.408;0.4543
Georgia;1992;70.9;17.7;47470.0;6804598;697.6165234154905;63.2;6.633;0.4501
Hawaii;1992;80.1;11.2;2998.0;1213250;247.10488357716875;89.0;4.108;0.4154
Idaho;1992;79.7;15.2;2948.0;1100327;267.9203545855005;57.4;6.558;0.4135
Illinois;1992;76.2;15.6;107163.0;11736479;913.076230102742;84.6;7.892;0.4513
Indiana;1992;75.6;11.8;24179.0;5675479;426.0257151863305;64.9;6.092;0.4230
Iowa;1992;80.1;11.5;5105.0;2824694;180.72754075308688;60.6;4.483;0.4128
Kansas;1992;81.3;11.1;12750.0;2524061;505.13834649796496;69.1;4.558;0.4266
Kentucky;1992;64.6;19.7;20065.0;3773313;531.7608160255987;51.8;6.883;0.4481
Louisiana;1992;68.3;24.5;36533.0;4311357;847.3666179812992;68.1;7.792;0.4648
Maine;1992;78.8;13.5;1579.0;1244734;126.85441226800263;44.6;7.308;0.4241
Maryland;1992;78.4;11.8;49072.0;5044948;972.695853356665;81.3;6.533;0.4258
Massachusetts;1992;80.0;10.3;39748.0;6028332;659.3532008522424;84.3;8.8;0.4563
Michigan;1992;76.8;13.6;71901.0;9669695;743.5705055847159;70.5;9.075;0.4355
Minnesota;1992;82.4;13.0;14964.0;4496409;332.7989068610084;69.9;5.075;0.4225
Mississippi;1992;64.3;24.6;7321.0;2632233;278.1288738496934;47.1;7.975;0.4543
Missouri;1992;73.9;15.7;36918.0;5266786;700.9588010600772;68.7;6.125;0.4359
Montana;1992;81.0;13.8;1179.0;899979;131.00305673799053;52.5;6.725;0.4278
Nebraska;1992;81.8;10.6;4556.0;1700891;267.85961005143776;66.1;2.817;0.4186
Nevada;1992;78.8;14.7;8622.0;1332251;647.1753445859677;88.3;6.783;0.4286
New Hampshire;1992;82.2;8.7;1294.0;1257102;102.93516357463436;51.0;7.292;0.4108
New Jersey;1992;76.7;10.3;48743.0;7823043;623.0695651295794;89.4;8.567;0.4498
New Mexico;1992;75.1;21.6;11033.0;1603208;688.1826936991332;73.0;7.325;0.4491
New York;1992;74.8;15.7;202571.0;19710145;1027.749922692096;84.3;8.717;0.4843
North Carolina;1992;70.0;15.8;45755.0;6867397;666.2640881253843;50.4;6.242;0.4476
North Dakota;1992;76.7;12.1;536.0;647842;82.73622272097208;53.3;4.533;0.4277
Ohio;1992;75.7;12.5;52702.0;11319668;465.57902581595147;74.1;7.392;0.4366
Oklahoma;1992;74.6;18.6;19959.0;3256265;612.9415142809322;67.7;5.867;0.4405
Oregon;1992;81.5;11.4;15077.0;3005047;501.7226020092198;70.5;7.233;0.4317
Pennsylvania;1992;74.7;11.9;48802.0;12407623;393.3227178162973;68.9;7.375;0.4441
Rhode Island;1992;72.0;12.4;3965.0;1010468;392.3924359801597;86.0;9.0;0.4437
South Carolina;1992;68.3;19.0;34628.0;3656971;946.9038720843016;54.6;6.75;0.4438
South Dakota;1992;77.1;15.1;1332.0;720070;184.9820156373686;50.0;3.45;0.4175
Tennessee;1992;67.1;17.0;34096.0;5039817;676.5325010808924;60.9;6.442;0.4515
Texas;1992;72.1;18.3;142311.0;17769008;800.8944562352609;80.3;7.708;0.4519
Utah;1992;85.1;9.4;5206.0;1878704;277.1059198255819;87.0;4.858;0.3976
Vermont;1992;80.8;10.5;503.0;578599;86.9341288180588;32.2;6.008;0.4177
Virginia;1992;75.2;9.5;23935.0;6383048;374.9775969098149;69.4;6.033;0.4439
Washington;1992;83.8;11.2;27267.0;5146257;529.8413973495689;76.4;7.183;0.4283
West Virginia;1992;66.0;22.3;3830.0;1852949;206.69753997546613;36.1;11.208;0.4384
Wisconsin;1992;78.6;10.9;13760.0;5029240;273.5999872744192;65.7;5.1;0.4150
Wyoming;1992;83.0;10.3;1487.0;470028;316.36413149854906;65.0;5.467;0.4108
Alabama;1993;66.9;17.4;31774.0;4260591;745.765082825364;60.4;7.25;0.4534
Alaska;1993;86.6;9.1;4374.0;599000;730.2170283806344;67.5;7.817;0.3983
Arizona;1993;78.7;15.4;27333.0;3951420;691.7260124208512;87.5;6.333;0.4391
Arkansas;1993;66.3;20.0;14299.0;2482991;575.8780438592005;53.5;6.125;0.4466
California;1993;76.2;18.2;336011.0;31453274;1068.286245813393;92.6;9.55;0.4597
Colorado;1993;84.4;9.9;19943.0;3597405;554.3718319177297;82.4;5.383;0.4324
Connecticut;1993;79.2;8.5;14949.0;3355486;445.5092347278457;79.1;6.483;0.4683
Delaware;1993;77.5;10.2;3126.0;719130;434.6919194026115;73.0;4.983;0.4250
District of Columbia;1993;73.1;26.4;16888.0;578000;2921.7993079584776;100.0;8.383;0.5042
Florida;1993;74.4;17.8;161411.0;13718467;1176.5964812249065;84.8;7.408;0.4554
Georgia;1993;70.9;13.5;47555.0;6971848;682.1003556015564;63.2;5.733;0.4512
Hawaii;1993;80.1;8.0;3061.0;1225983;249.6771978078;89.0;4.383;0.4165
Idaho;1993;79.7;13.1;3221.0;1129671;285.127262716313;57.4;6.092;0.4146
Illinois;1993;76.2;13.6;83687.0;11803051;709.0285384685706;84.6;7.475;0.4523
Indiana;1993;75.6;12.2;22789.0;5726735;397.9405367980184;64.9;5.1;0.4241
Iowa;1993;80.1;10.3;6879.0;2826653;243.3620256890393;60.6;4.15;0.4139
Kansas;1993;81.3;13.1;4942.0;2532011;195.18082662358103;69.1;4.958;0.4277
Kentucky;1993;64.6;20.4;17134.0;3796549;451.3045926708703;51.8;6.225;0.4492
Louisiana;1993;68.3;26.4;39706.0;4319452;919.2369772832296;68.1;7.45;0.4659
Maine;1993;78.8;15.4;1576.0;1265033;124.58173027897296;44.6;6.808;0.4252
Maryland;1993;78.4;9.7;49534.0;5096954;971.835335378738;81.3;6.058;0.4269
Massachusetts;1993;80.0;10.7;41036.0;6042905;679.0773642809212;84.3;7.292;0.4573
Michigan;1993;76.8;15.4;66760.0;9711487;687.4333456864022;70.5;7.358;0.4366
Minnesota;1993;82.4;11.6;13958.0;4534740;307.8015498132197;69.9;4.958;0.4236
Mississippi;1993;64.3;24.7;7776.0;2662343;292.0735607695928;47.1;6.742;0.4553
Missouri;1993;73.9;16.1;37191.0;5308467;700.5977431902656;68.7;6.15;0.4369
Montana;1993;81.0;14.9;586.0;913444;64.1528106813335;52.5;6.117;0.4289
Nebraska;1993;81.8;10.3;6074.0;1701298;357.0215212149782;66.1;2.767;0.4197
Nevada;1993;78.8;9.8;10879.0;1394010;780.410470513124;88.3;6.875;0.4297
New Hampshire;1993;82.2;9.9;1311.0;1268772;103.3282575592778;51.0;6.125;0.4119
New Jersey;1993;76.7;10.9;49386.0;7913727;624.0548858963672;89.4;7.775;0.4509
New Mexico;1993;75.1;17.4;10862.0;1639020;662.7130846481434;73.0;7.325;0.4502
New York;1993;74.8;16.4;194667.0;19791368;983.5954745523404;84.3;7.95;0.4854
North Carolina;1993;70.0;14.4;46322.0;6969481;664.6405951892257;50.4;5.117;0.4487
North Dakota;1993;76.7;11.2;508.0;646385;78.59093264849895;53.3;4.25;0.4288
Ohio;1993;75.7;13.0;49317.0;11392583;432.8869054541889;74.1;6.675;0.4377
Oklahoma;1993;74.6;19.9;20498.0;3276795;625.5502709202133;67.7;5.65;0.4416
Oregon;1993;81.5;11.8;15179.0;3061194;495.8522720219627;70.5;6.992;0.4328
Pennsylvania;1993;74.7;13.2;47980.0;12440110;385.6879079043513;68.9;6.85;0.4452
Rhode Island;1993;72.0;11.2;4017.0;1005587;399.4681713267972;86.0;7.65;0.4448
South Carolina;1993;68.3;18.7;37592.0;3700065;1015.9821516649032;54.6;7.3;0.4449
South Dakota;1993;77.1;14.2;1348.0;723969;186.195817776728;50.0;3.458;0.4186
Tennessee;1993;67.1;19.6;35652.0;5114594;697.0641266931451;60.9;5.783;0.4526
Texas;1993;72.1;17.4;137388.0;18146658;757.0980838455213;80.3;7.233;0.4530
Utah;1993;85.1;10.7;5480.0;1927489;284.3077184876282;87.0;4.05;0.3987
Vermont;1993;80.8;10.0;343.0;584646;58.66798028208523;32.2;5.025;0.4188
Virginia;1993;75.2;9.7;24160.0;6498299;371.7896021712759;69.4;5.142;0.4450
Washington;1993;83.8;12.1;26626.0;5265773;505.6427612812022;76.4;7.175;0.4294
West Virginia;1993;66.0;22.2;3788.0;1860580;203.59242816756063;36.1;10.275;0.4395
Wisconsin;1993;78.6;12.6;13294.0;5074837;261.9591525796789;65.7;4.458;0.4161
Wyoming;1993;83.0;13.3;1357.0;474079;286.23921329567435;65.0;5.342;0.4119
Alabama;1994;66.9;16.4;28276.0;4293105;658.6375129422644;60.4;6.167;0.4545
Alaska;1994;86.6;10.2;4459.0;606000;735.8085808580857;67.5;7.55;0.3994
Arizona;1994;78.7;15.9;28011.0;4090962;684.7044778220868;87.5;6.2;0.4402
Arkansas;1994;66.3;15.3;14567.0;2510009;580.3564847775446;53.5;5.458;0.4477
California;1994;76.2;17.9;317517.0;31674969;1002.4224490953724;92.6;8.658;0.4608
Colorado;1994;84.4;9.0;18182.0;3686505;493.204267999094;82.4;4.142;0.4334
Connecticut;1994;79.2;10.8;14917.0;3356789;444.3830100730192;79.1;5.567;0.4694
Delaware;1994;77.5;8.3;2220.0;725292;306.0836187356265;73.0;4.758;0.4260
District of Columbia;1994;73.1;21.2;15177.0;570000;2662.6315789473683;100.0;7.942;0.5053
Florida;1994;74.4;14.9;157483.0;13987109;1125.9152981506045;84.8;6.492;0.4564
Georgia;1994;70.9;14.0;45018.0;7110933;633.0814817127373;63.2;5.05;0.4522
Hawaii;1994;80.1;8.7;3091.0;1233301;250.62819214449675;89.0;5.142;0.4176
Idaho;1994;79.7;12.0;3216.0;1164612;276.1434709585682;57.4;5.5;0.4157
Illinois;1994;76.2;12.4;86251.0;11868943;726.6948708069455;84.6;5.8;0.4534
Indiana;1994;75.6;13.7;24572.0;5765827;426.1660989828519;64.9;4.625;0.4252
Iowa;1994;80.1;10.7;7318.0;2841718;257.520274707061;60.6;3.6;0.4150
Kansas;1994;81.3;14.9;2350.0;2555019;91.97583266504084;69.1;4.775;0.4288
Kentucky;1994;64.6;18.5;22661.0;3835056;590.8909804706893;51.8;5.358;0.4502
Louisiana;1994;68.3;25.7;39972.0;4339929;921.0288924081476;68.1;7.608;0.4670
Maine;1994;78.8;9.4;1598.0;1266050;126.2193436278188;44.6;6.592;0.4263
Maryland;1994;78.4;10.7;47451.0;5140339;923.1103240467216;81.3;5.242;0.4280
Massachusetts;1994;80.0;9.7;38244.0;6072045;629.8372294671728;84.3;6.225;0.4584
Michigan;1994;76.8;14.1;68851.0;9740756;706.8342539326517;70.5;6.092;0.4377
Minnesota;1994;82.4;11.7;16347.0;4610322;354.5739321461712;69.9;4.033;0.4247
Mississippi;1994;64.3;19.9;8993.0;2688533;334.4946853916244;47.1;6.275;0.4564
Missouri;1994;73.9;15.6;37191.0;5358013;694.1192565228938;68.7;5.1;0.4380
Montana;1994;81.0;11.5;677.0;931941;74.42403033627853;52.5;5.492;0.4300
Nebraska;1994;81.8;8.8;6301.0;1716368;367.112414120981;66.1;2.633;0.4208
Nevada;1994;78.8;11.1;14516.0;1462255;992.7133092381288;88.3;6.242;0.4307
New Hampshire;1994;82.2;7.7;1130.0;1282258;88.12579059752406;51.0;4.5;0.4130
New Jersey;1994;76.7;9.2;48542.0;7945294;610.95284831499;89.4;6.858;0.4519
New Mexico;1994;75.1;21.1;11853.0;1676440;707.0339529001933;73.0;6.508;0.4513
New York;1994;74.8;17.0;175300.0;19755887;887.3304448441116;84.3;6.925;0.4864
North Carolina;1994;70.0;14.2;45545.0;7095681;641.8693286803621;50.4;4.408;0.4498
North Dakota;1994;76.7;10.4;519.0;649435;79.91561896109695;53.3;3.708;0.4299
Ohio;1994;75.7;14.1;49107.0;11403775;430.6205620507244;74.1;5.633;0.4388
Oklahoma;1994;74.6;16.7;21196.0;3304148;641.4966884049988;67.7;5.3;0.4427
Oregon;1994;81.5;11.8;15989.0;3118829;512.6603606674172;70.5;5.275;0.4339
Pennsylvania;1994;74.7;12.5;48543.0;12456515;389.6996872720821;68.9;6.308;0.4463
Rhode Island;1994;72.0;10.3;3744.0;1002570;373.4402585355636;86.0;6.675;0.4458
South Carolina;1994;68.3;13.8;38554.0;3724575;1035.124812898116;54.6;6.158;0.4460
South Dakota;1994;77.1;14.5;1368.0;730043;187.3862224553896;50.0;3.25;0.4197
Tennessee;1994;67.1;14.6;34386.0;5190824;662.438179371907;60.9;4.8;0.4537
Texas;1994;72.1;19.1;129816.0;18487463;702.1839610983941;80.3;6.567;0.4541
Utah;1994;85.1;8.0;5711.0;1974311;289.2654703337012;87.0;3.742;0.3998
Vermont;1994;80.8;7.6;524.0;588703;89.00922876221117;32.2;4.4;0.4199
Virginia;1994;75.2;10.7;23304.0;6559364;355.2783471080428;69.4;4.758;0.4461
Washington;1994;83.8;11.7;27203.0;5353950;508.0921562584634;76.4;6.342;0.4304
West Virginia;1994;66.0;18.6;3927.0;1862590;210.8354495621688;36.1;8.8;0.4405
Wisconsin;1994;78.6;9.0;13699.0;5119155;267.6027586584114;65.7;4.267;0.4172
Wyoming;1994;83.0;9.3;1293.0;480120;269.30767308172955;65.0;4.9;0.4130
Alabama;1995;66.9;20.1;26428.0;4319212;611.8708690381486;60.4;5.85;0.4556
Alaska;1995;86.6;7.1;4384.0;604000;725.8278145695365;67.5;7.317;0.4005
Arizona;1995;78.7;16.1;29153.0;4236915;688.0713915667413;87.5;5.342;0.4413
Arkansas;1995;66.3;14.9;13713.0;2540304;539.8172817111653;53.5;4.867;0.4488
California;1995;76.2;16.7;296590.0;31854695;931.071542201236;92.6;7.9;0.4619
Colorado;1995;84.4;8.8;15908.0;3778017;421.0674541697403;82.4;4.008;0.4345
Connecticut;1995;79.2;9.7;13227.0;3356858;394.0291784758247;79.1;5.3;0.4705
Delaware;1995;77.5;10.3;1846.0;736565;250.6228235118421;73.0;4.392;0.4271
District of Columbia;1995;73.1;22.2;14745.0;554000;2661.552346570397;100.0;8.567;0.5064
Florida;1995;74.4;16.2;149813.0;14214968;1053.9102163297168;84.8;5.6;0.4575
Georgia;1995;70.9;12.1;45624.0;7259408;628.4810001035897;63.2;4.75;0.4533
Hawaii;1995;80.1;10.3;3509.0;1241665;282.604406180411;89.0;5.5;0.4187
Idaho;1995;79.7;14.5;3716.0;1196047;310.69013174231446;57.4;5.475;0.4168
Illinois;1995;76.2;12.4;74354.0;11949487;622.235916905889;84.6;5.2;0.4545
Indiana;1995;75.6;9.6;24672.0;5817404;424.1066977641573;64.9;4.4;0.4263
Iowa;1995;80.1;12.2;8059.0;2855316;282.2454677520807;60.6;3.508;0.4160
Kansas;1995;81.3;10.8;3692.0;2566030;143.87984552012253;69.1;4.333;0.4299
Kentucky;1995;64.6;14.7;12883.0;3870874;332.81889309752785;51.8;5.392;0.4513
Louisiana;1995;68.3;19.7;42123.0;4360669;965.97563355531;68.1;6.85;0.4681
Maine;1995;78.8;11.2;1638.0;1267067;129.27493179129436;44.6;5.867;0.4274
Maryland;1995;78.4;10.1;49752.0;5182371;960.023896398;81.3;4.975;0.4291
Massachusetts;1995;80.0;11.0;38351.0;6100843;628.6180450799995;84.3;5.458;0.4595
Michigan;1995;76.8;12.2;62455.0;9793770;637.7013142028045;70.5;5.325;0.4387
Minnesota;1995;82.4;9.2;16328.0;4654947;350.76661452858644;69.9;3.658;0.4258
Mississippi;1995;64.3;23.5;8383.0;2697105;310.8147439569465;47.1;6.183;0.4575
Missouri;1995;73.9;9.4;33519.0;5405387;620.1036114527969;68.7;4.825;0.4391
Montana;1995;81.0;15.3;266.0;946073;28.116223589511588;52.5;5.708;0.4310
Nebraska;1995;81.8;9.6;6195.0;1730155;358.06040499261627;66.1;2.633;0.4218
Nevada;1995;78.8;11.1;14290.0;1534897;931.0070968931468;88.3;5.567;0.4318
New Hampshire;1995;82.2;5.3;982.0;1294619;75.8524322599931;51.0;3.817;0.4141
New Jersey;1995;76.7;7.8;47652.0;7989740;596.4149021119587;89.4;6.408;0.4530
New Mexico;1995;75.1;25.3;10254.0;1709085;599.970159471296;73.0;6.633;0.4524
New York;1995;74.8;16.5;150717.0;19720019;764.2842534786604;84.3;6.325;0.4875
North Carolina;1995;70.0;12.6;45984.0;7218489;637.0308245950088;50.4;4.367;0.4509
North Dakota;1995;76.7;12.0;537.0;652493;82.29973348373086;53.3;3.325;0.4309
Ohio;1995;75.7;11.5;46679.0;11452778;407.5779692926904;74.1;4.858;0.4398
Oklahoma;1995;74.6;17.1;21747.0;3329864;653.0897357970175;67.7;4.475;0.4438
Oregon;1995;81.5;11.2;16065.0;3174677;506.0357321390491;70.5;4.767;0.4350
Pennsylvania;1995;74.7;12.2;47195.0;12478797;378.20152054721297;68.9;5.917;0.4474
Rhode Island;1995;72.0;10.6;3643.0;995440;365.96881780921;86.0;6.3;0.4469
South Carolina;1995;68.3;19.9;36972.0;3730957;990.9521873342416;54.6;5.108;0.4471
South Dakota;1995;77.1;14.5;1351.0;740602;182.4191671099997;50.0;3.175;0.4208
Tennessee;1995;67.1;15.5;35970.0;5271622;682.3326862206736;60.9;5.125;0.4547
Texas;1995;72.1;17.4;124208.0;18817790;660.0562552775857;80.3;6.117;0.4552
Utah;1995;85.1;8.4;6153.0;2022592;304.21360313894246;87.0;3.442;0.4009
Vermont;1995;80.8;10.3;627.0;593734;105.6028457187899;32.2;4.175;0.4210
Virginia;1995;75.2;10.2;23910.0;6625915;360.8558214223998;69.4;4.417;0.4472
Washington;1995;83.8;12.5;25381.0;5441876;466.4016600157739;76.4;6.208;0.4315
West Virginia;1995;66.0;16.7;3838.0;1868043;205.45565599935333;36.1;7.975;0.4416
Wisconsin;1995;78.6;8.5;14361.0;5189655;276.7235972333421;65.7;3.725;0.4183
Wyoming;1995;83.0;12.2;1213.0;484452;250.38600315407928;65.0;4.767;0.4141
Alabama;1996;66.9;14.0;23733.0;4341388;546.6684848255903;60.4;5.192;0.4567
Alaska;1996;86.6;8.2;3908.0;607000;643.8220757825371;67.5;7.458;0.4016
Arizona;1996;78.7;20.5;27019.0;4447854;607.4614859210757;87.5;5.483;0.4424
Arkansas;1996;66.3;17.2;13115.0;2569763;510.3583482212173;53.5;5.167;0.4499
California;1996;76.2;16.9;274686.0;32131922;854.8694970689895;92.6;7.342;0.4630
Colorado;1996;84.4;10.6;14936.0;3859457;386.997445495571;82.4;4.167;0.4356
Connecticut;1996;79.2;11.7;13480.0;3355827;401.6893600295844;79.1;5.225;0.4715
Delaware;1996;77.5;8.6;4022.0;744781;540.0245172742054;73.0;5.217;0.4282
District of Columbia;1996;73.1;24.1;13411.0;543000;2469.7974217311234;100.0;8.458;0.5075
Florida;1996;74.4;14.2;83783.0;14746642;568.1496845180076;84.8;5.292;0.4586
Georgia;1996;70.9;14.8;44869.0;7457929;601.6281463661024;63.2;4.625;0.4544
Hawaii;1996;80.1;12.1;3322.0;1238524;268.22249710138846;89.0;5.892;0.4197
Idaho;1996;79.7;11.9;3166.0;1223729;258.7174121067655;57.4;5.4;0.4179
Illinois;1996;76.2;12.1;70954.0;11966611;592.933120329557;84.6;5.292;0.4556
Indiana;1996;75.6;7.5;25561.0;5855497;436.5299819981122;64.9;3.942;0.4273
Iowa;1996;80.1;9.6;6589.0;2865360;229.95365329312887;60.6;3.583;0.4171
Kansas;1996;81.3;11.2;3874.0;2573031;150.56173050382992;69.1;4.25;0.4310
Kentucky;1996;64.6;17.0;9635.0;3894939;247.37229517586795;51.8;5.383;0.4524
Louisiana;1996;68.3;20.5;37757.0;4369704;864.0631035877946;68.1;6.425;0.4691
Maine;1996;78.8;11.2;1545.0;1269105;121.73933598874798;44.6;5.317;0.4285
Maryland;1996;78.4;10.3;47196.0;5213193;905.3184871536504;81.3;4.942;0.4301
Massachusetts;1996;80.0;10.1;38503.0;6119184;629.2178826457907;84.3;4.617;0.4606
Michigan;1996;76.8;11.2;57594.0;9839317;585.3455072135597;70.5;4.908;0.4398
Minnesota;1996;82.4;9.8;15766.0;4703408;335.20375013181933;69.9;3.85;0.4269
Mississippi;1996;64.3;20.6;8056.0;2716105;296.6011991436266;47.1;5.992;0.4586
Missouri;1996;73.9;9.5;29665.0;5440912;545.2210952869666;68.7;4.733;0.4402
Montana;1996;81.0;17.0;619.0;952476;65.87338915430036;52.5;5.533;0.4321
Nebraska;1996;81.8;10.2;7132.0;1744920;408.72934002704994;66.1;2.7;0.4229
Nevada;1996;78.8;8.1;12929.0;1609339;803.3733104088076;88.3;5.083;0.4329
New Hampshire;1996;82.2;6.4;1147.0;1310361;87.53313018320905;51.0;3.742;0.4152
New Jersey;1996;76.7;9.2;42512.0;8037072;528.9488510243532;89.4;6.108;0.4541
New Mexico;1996;75.1;25.5;11515.0;1737481;662.7410601900107;73.0;7.525;0.4535
New York;1996;74.8;16.7;131860.0;19786862;666.4017770983595;84.3;6.242;0.4886
North Carolina;1996;70.0;12.2;42547.0;7347575;579.06179930113;50.4;4.342;0.4519
North Dakota;1996;76.7;11.0;492.0;655543;75.05228489969384;53.3;3.142;0.4320
Ohio;1996;75.7;12.7;41709.0;11497672;362.76039184280086;74.1;5.0;0.4409
Oklahoma;1996;74.6;16.6;19710.0;3349145;588.5084103554788;67.7;4.008;0.4448
Oregon;1996;81.5;11.8;14525.0;3236571;448.7774252441859;70.5;5.558;0.4361
Pennsylvania;1996;74.7;11.6;46119.0;12454953;370.28642340119626;68.9;5.5;0.4485
Rhode Island;1996;72.0;11.0;3439.0;995440;345.4753676766053;86.0;5.183;0.4480
South Carolina;1996;68.3;13.0;37187.0;3755337;990.2440180468492;54.6;5.683;0.4482
South Dakota;1996;77.1;11.8;1149.0;743647;154.5087924781516;50.0;3.267;0.4219
Tennessee;1996;67.1;15.9;35889.0;5336770;672.4854172092857;60.9;5.2;0.4558
Texas;1996;72.1;16.6;123161.0;19220640;640.7747088546479;80.3;5.75;0.4562
Utah;1996;85.1;7.7;6256.0;2073379;301.72968859046034;87.0;3.375;0.4020
Vermont;1996;80.8;12.6;547.0;597791;91.50355224484812;32.2;4.2;0.4221
Virginia;1996;75.2;12.3;22738.0;6686395;340.06366659462986;69.4;4.225;0.4483
Washington;1996;83.8;11.9;23064.0;5543217;416.07608000913547;76.4;5.892;0.4326
West Virginia;1996;66.0;18.5;3836.0;1865962;205.57760554609368;36.1;7.65;0.4427
Wisconsin;1996;78.6;8.8;13034.0;5232527;249.09570461843768;65.7;3.608;0.4193
Wyoming;1996;83.0;11.9;1212.0;485459;249.66063045488912;65.0;4.992;0.4152
Alabama;1997;66.9;15.7;23660.0;4388086;539.1872447349482;60.4;4.95;0.4577
Alaska;1997;86.6;8.8;3527.0;609000;579.1461412151067;67.5;6.983;0.4027
Arizona;1997;78.7;17.2;27238.0;4575422;595.3112084524662;87.5;4.617;0.4434
Arkansas;1997;66.3;19.7;13066.0;2584697;505.5137991029509;53.5;5.108;0.4510
California;1997;76.2;16.6;256295.0;32362913;791.9404535679467;92.6;6.4;0.4640
Colorado;1997;84.4;8.2;14396.0;3930817;366.2342968395629;82.4;3.358;0.4367
Connecticut;1997;79.2;8.6;12781.0;3343253;382.2923362365936;79.1;4.683;0.4726
Delaware;1997;77.5;9.6;4975.0;751970;661.5955423753608;73.0;4.058;0.4293
District of Columbia;1997;73.1;21.8;10708.0;529000;2024.1965973534973;100.0;8.158;0.5086
Florida;1997;74.4;14.3;148850.0;15007458;991.8401903906712;84.8;4.942;0.4597
Georgia;1997;70.9;14.5;42994.0;7592819;566.2455538581916;63.2;4.467;0.4555
Hawaii;1997;80.1;13.9;3299.0;1241657;265.6933436528768;89.0;5.942;0.4208
Idaho;1997;79.7;14.7;3107.0;1245332;249.491701811244;57.4;5.25;0.4189
Illinois;1997;76.2;11.2;67478.0;12016058;561.5651988364237;84.6;4.783;0.4567
Indiana;1997;75.6;8.8;22464.0;5878552;382.1349203001012;64.9;3.375;0.4284
Iowa;1997;80.1;9.6;7005.0;2865360;244.4718988189965;60.6;3.142;0.4182
Kansas;1997;81.3;9.7;4207.0;2596039;162.05457622169774;69.1;3.792;0.4321
Kentucky;1997;64.6;15.9;9089.0;3919004;231.9211718079389;51.8;5.217;0.4535
Louisiana;1997;68.3;16.3;34298.0;4370705;784.7246611244639;68.1;5.85;0.4702
Maine;1997;78.8;10.1;1493.0;1268079;117.73714413691891;44.6;5.175;0.4296
Maryland;1997;78.4;8.4;43128.0;5240988;822.8982779582781;81.3;4.85;0.4312
Massachusetts;1997;80.0;12.2;38749.0;6145292;630.5477428900042;84.3;4.067;0.4617
Michigan;1997;76.8;10.3;55245.0;10023864;551.1347719801465;70.5;4.3;0.4409
Minnesota;1997;82.4;9.6;15816.0;4731674;334.2580236930947;69.9;3.225;0.4279
Mississippi;1997;64.3;16.7;7964.0;2731105;291.60358170044725;47.1;5.717;0.4597
Missouri;1997;73.9;11.8;28976.0;5491224;527.6783463941737;68.7;4.375;0.4413
Montana;1997;81.0;15.6;1038.0;952476;108.97912388343644;52.5;5.475;0.4332
Nebraska;1997;81.8;9.8;7198.0;1750170;411.2743333504745;66.1;2.408;0.4240
Nevada;1997;78.8;11.0;11894.0;1683630;706.4497543997196;88.3;4.433;0.4340
New Hampshire;1997;82.2;9.1;247.0;1322722;18.673613956674192;51.0;3.358;0.4162
New Jersey;1997;76.7;9.3;39677.0;8102463;489.6906039558589;89.4;5.325;0.4552
New Mexico;1997;75.1;21.2;11884.0;1744476;681.2360846466216;73.0;6.425;0.4546
New York;1997;74.8;16.5;122779.0;19730592;622.2773244715618;84.3;6.417;0.4897
North Carolina;1997;70.0;11.4;44594.0;7449904;598.5848945167616;50.4;3.825;0.4530
North Dakota;1997;76.7;13.6;498.0;652483;76.32382759397562;53.3;2.942;0.4331
Ohio;1997;75.7;11.0;34571.0;11511017;300.32967547524254;74.1;4.617;0.4420
Oklahoma;1997;74.6;13.7;18552.0;3365347;551.2655901456819;67.7;3.958;0.4459
Oregon;1997;81.5;11.6;14237.0;3275951;434.5913598829775;70.5;5.55;0.4371
Pennsylvania;1997;74.7;11.2;44849.0;12417352;361.18006479964487;68.9;5.125;0.4496
Rhode Island;1997;72.0;12.7;3292.0;992423;331.713392374018;86.0;5.35;0.4491
South Carolina;1997;68.3;13.1;37512.0;3815949;983.032005930897;54.6;4.492;0.4492
South Dakota;1997;77.1;16.5;976.0;748154;130.4544251584567;50.0;2.942;0.4230
Tennessee;1997;67.1;14.3;35866.0;5381988;666.4080261791739;60.9;5.225;0.4569
Texas;1997;72.1;16.7;117013.0;19533128;599.0489592859884;80.3;5.392;0.4573
Utah;1997;85.1;8.9;6686.0;2134535;313.2298135191037;87.0;3.167;0.4031
Vermont;1997;80.8;9.3;605.25;597791;101.4726855980152;32.2;3.908;0.4231
Virginia;1997;75.2;12.7;23244.0;6745490;344.58578991296406;69.4;3.6;0.4494
Washington;1997;83.8;9.2;23397.0;5620355;416.290430052906;76.4;4.9;0.4337
West Virginia;1997;66.0;16.4;3971.0;1855705;213.9887536003837;36.1;6.992;0.4438
Wisconsin;1997;78.6;8.2;13988.0;5239946;266.9493158898966;65.7;3.492;0.4204
Wyoming;1997;83.0;13.5;1196.0;484446;246.879941211198;65.0;4.783;0.4163
Alabama;1998;66.9;14.5;21387.0;4397943;486.29552497610814;60.4;4.458;0.4588
Alaska;1998;86.6;9.4;3256.0;614000;530.2931596091205;67.5;6.317;0.4037
Arizona;1998;78.7;16.6;26183.0;4689134;558.3760242296338;87.5;4.25;0.4445
Arkansas;1998;66.3;14.7;12399.0;2599923;476.8987389241912;53.5;5.042;0.4521
California;1998;76.2;15.4;229441.0;32763349;700.2977626005205;92.6;5.967;0.4651
Colorado;1998;84.4;9.2;14294.0;3995806;357.7250747408658;82.4;3.633;0.4378
Connecticut;1998;79.2;9.5;11991.0;3350286;357.9097426309276;79.1;3.225;0.4737
Delaware;1998;77.5;10.3;5303.0;764381;693.7639737251449;73.0;3.483;0.4304
District of Columbia;1998;73.1;22.3;8988.0;523000;1718.546845124283;100.0;8.242;0.5096
Florida;1998;74.4;13.1;139601.0;14966475;932.7580475696516;84.8;4.433;0.4608
Georgia;1998;70.9;13.5;42091.0;7745797;543.4043778839027;63.2;4.175;0.4566
Hawaii;1998;80.1;10.9;2946.0;1289793;228.40874465902667;89.0;5.792;0.4219
Idaho;1998;79.7;13.0;3469.0;1264195;274.4038696561844;57.4;5.225;0.4200
Illinois;1998;76.2;10.1;64247.0;12163478;528.195965002773;84.6;4.467;0.4578
Indiana;1998;75.6;9.4;20653.0;5913427;349.25602362217376;64.9;2.983;0.4295
Iowa;1998;80.1;9.1;7513.0;2874801;261.3398283916;60.6;2.85;0.4193
Kansas;1998;81.3;9.6;3729.0;2629938;141.79041483107207;69.1;3.692;0.4332
Kentucky;1998;64.6;13.5;8806.0;3945918;223.16733393851567;51.8;4.517;0.4546
Louisiana;1998;68.3;19.1;32160.0;4385359;733.3493107405802;68.1;5.517;0.4713
Maine;1998;78.8;10.4;1560.0;1274119;122.437543118029;44.6;4.458;0.4306
Maryland;1998;78.4;7.2;40739.0;5285233;770.8080230332324;81.3;4.233;0.4323
Massachusetts;1998;80.0;8.7;35352.0;6164413;573.4852612892744;84.3;3.375;0.4628
Michigan;1998;76.8;11.0;60869.0;10082413;603.7146068108894;70.5;3.983;0.4420
Minnesota;1998;82.4;10.3;14604.0;4774354;305.88431440148764;69.9;2.675;0.4290
Mississippi;1998;64.3;17.6;7471.0;2752106;271.4648345666918;47.1;5.225;0.4608
Missouri;1998;73.9;9.8;28054.0;5526522;507.6248678644544;68.7;4.058;0.4424
Montana;1998;81.0;16.6;495.0;952396;51.97417880797484;52.5;5.592;0.4343
Nebraska;1998;81.8;12.3;7369.0;1754330;420.04639948014346;66.1;2.517;0.4251
Nevada;1998;78.8;10.6;11244.0;1753364;641.2815593339432;88.3;4.167;0.4351
New Hampshire;1998;82.2;9.8;648.0;1342432;48.27060141593764;51.0;2.833;0.4173
New Jersey;1998;76.7;8.6;35717.0;8159326;437.7444901698988;89.4;4.567;0.4563
New Mexico;1998;75.1;20.4;13559.0;1751920;773.9508653363167;73.0;6.233;0.4556
New York;1998;74.8;16.7;113039.0;19964708;566.1941061196588;84.3;5.583;0.4908
North Carolina;1998;70.0;14.0;43260.0;7565697;571.7913366078499;50.4;3.525;0.4541
North Dakota;1998;76.7;15.1;534.0;649017;82.27827622388936;53.3;2.967;0.4342
Ohio;1998;75.7;11.2;31190.0;11566081;269.6678330369638;74.1;4.333;0.4431
Oklahoma;1998;74.6;14.1;18035.0;3393885;531.3969094415397;67.7;4.075;0.4470
Oregon;1998;81.5;15.0;13660.0;3316702;411.85490888237774;70.5;5.642;0.4382
Pennsylvania;1998;74.7;11.3;48257.0;12432055;388.1659146456479;68.9;4.7;0.4506
Rhode Island;1998;72.0;11.6;3059.0;994135;307.7046879950912;86.0;4.583;0.4502
South Carolina;1998;68.3;13.7;34933.0;3890310;897.9490066344327;54.6;3.633;0.4503
South Dakota;1998;77.1;10.8;940.0;751070;125.15477918170076;50.0;2.883;0.4240
Tennessee;1998;67.1;13.4;34700.0;5439434;637.9340203410869;60.9;4.35;0.4580
Texas;1998;72.1;15.1;111090.0;19849163;559.6709543873462;80.3;4.967;0.4584
Utah;1998;85.1;9.0;6361.0;2199005;289.26719129788245;87.0;3.558;0.4041
Vermont;1998;80.8;9.9;594.0;591860;100.36157199337684;32.2;3.4;0.4242
Virginia;1998;75.2;8.8;21767.0;6802485;319.9860051143075;69.4;2.825;0.4505
Washington;1998;83.8;8.9;23846.0;5699159;418.4126114045949;76.4;4.775;0.4348
West Virginia;1998;66.0;17.8;4411.0;1848996;238.5619006206612;36.1;6.65;0.4449
Wisconsin;1998;78.6;8.8;6932.0;5301409;130.75769102138696;65.7;3.275;0.4215
Wyoming;1998;83.0;10.6;1158.0;485341;238.5951320823916;65.0;4.8;0.4173
Alabama;1999;66.9;15.2;20432.0;4416008;462.6803212313021;60.4;4.733;0.4599
Alaska;1999;86.6;7.6;3497.0;619000;564.9434571890146;67.5;6.35;0.4048
Arizona;1999;78.7;12.2;25931.0;4790537;541.2963097873997;87.5;4.467;0.4456
Arkansas;1999;66.3;14.7;10731.0;2608974;411.31111310423177;53.5;4.517;0.4531
California;1999;76.2;14.0;207900.0;33243480;625.3857899353496;92.6;5.283;0.4662
Colorado;1999;84.4;8.5;13268.0;4081250;325.09647779479326;82.4;3.008;0.4389
Connecticut;1999;79.2;7.2;11366.0;3357532;338.52246233245137;79.1;2.5;0.4748
Delaware;1999;77.5;10.4;5005.0;774931;645.8639543391605;73.0;3.242;0.4315
District of Columbia;1999;73.1;14.7;8448.0;519000;1627.745664739885;100.0;6.55;0.5107
Florida;1999;74.4;12.4;128332.0;15178289;845.497143979799;84.8;3.942;0.4619
Georgia;1999;70.9;12.8;39799.0;7845726;507.2698179875259;63.2;3.833;0.4577
Hawaii;1999;80.1;10.8;2785.0;1281793;217.27377197410192;89.0;5.167;0.4230
Idaho;1999;79.7;14.1;3112.0;1289082;241.41210566899545;57.4;4.983;0.4211
Illinois;1999;76.2;9.9;58096.0;12246219;474.3994860781111;84.6;4.425;0.4589
Indiana;1999;75.6;6.7;17954.0;5957410;301.3725763377038;64.9;2.925;0.4306
Iowa;1999;80.1;7.4;7513.0;2890876;259.886622601592;60.6;2.683;0.4204
Kansas;1999;81.3;12.3;3035.0;2654899;114.31696648347076;69.1;3.467;0.4342
Kentucky;1999;64.6;12.1;7938.0;3971951;199.8514080360005;51.8;4.508;0.4557
Louisiana;1999;68.3;19.2;30578.0;4422198;691.4660989851653;68.1;4.95;0.4724
Maine;1999;78.8;10.6;1243.0;1283547;96.84101945624118;44.6;3.958;0.4317
Maryland;1999;78.4;7.3;23561.0;5329480;442.0881586946569;81.3;3.425;0.4334
Massachusetts;1999;80.0;11.8;33256.0;6190355;537.2228248622251;84.3;3.283;0.4639
Michigan;1999;76.8;9.7;54885.0;10131696;541.7158193455468;70.5;3.742;0.4431
Minnesota;1999;82.4;7.3;13061.0;4823751;270.7643906163482;69.9;2.775;0.4301
Mississippi;1999;64.3;16.2;8063.0;2769107;291.1769028787981;47.1;5.092;0.4619
Missouri;1999;73.9;11.7;25495.0;5543399;459.9163798240033;68.7;3.242;0.4435
Montana;1999;81.0;15.8;974.0;961317;101.31933586943744;52.5;5.3;0.4354
Nebraska;1999;81.8;11.0;7030.0;1762297;398.9111937431658;66.1;2.767;0.4262
Nevada;1999;78.8;11.3;10311.0;1814905;568.1289103286398;88.3;4.05;0.4362
New Hampshire;1999;82.2;7.6;694.0;1301550;53.321040298106105;51.0;2.725;0.4184
New Jersey;1999;76.7;7.8;33539.0;8188146;409.6043231276042;89.4;4.442;0.4574
New Mexico;1999;75.1;20.9;12732.0;1754684;725.6007349471472;73.0;5.583;0.4567
New York;1999;74.8;14.2;101781.0;19992301;509.10097842164345;84.3;5.183;0.4919
North Carolina;1999;70.0;13.8;40401.0;7671532;526.6353578398682;50.4;3.3;0.4552
North Dakota;1999;76.7;13.1;467.0;646111;72.27860228350856;53.3;3.15;0.4353
Ohio;1999;75.7;12.0;30181.0;11577790;260.6801470747008;74.1;4.325;0.4442
Oklahoma;1999;74.6;12.8;17064.0;3405170;501.1203552245556;67.7;3.475;0.4481
Oregon;1999;81.5;12.6;12418.0;3353566;370.292399195364;70.5;5.483;0.4393
Pennsylvania;1999;74.7;9.3;47611.0;12422113;383.2761785374195;68.9;4.492;0.4517
Rhode Island;1999;72.0;10.0;2839.0;997138;284.71485391189583;86.0;4.183;0.4513
South Carolina;1999;68.3;11.7;33360.0;3912894;852.565901350765;54.6;4.158;0.4514
South Dakota;1999;77.1;7.7;1041.0;743276;140.05564554754898;50.0;2.717;0.4251
Tennessee;1999;67.1;11.9;37037.0;5491149;674.4854310090657;60.9;3.958;0.4591
Texas;1999;72.1;15.2;111635.0;20134706;554.4406757168443;80.3;4.725;0.4595
Utah;1999;85.1;5.7;5842.0;2242312;260.5346624376983;87.0;3.508;0.4052
Vermont;1999;80.8;9.6;653.0;602272;108.42277243504594;32.2;3.067;0.4253
Virginia;1999;75.2;7.9;20350.0;6881126;295.73648266286654;69.4;2.675;0.4515
Washington;1999;83.8;9.6;21344.0;5772925;369.7259188366383;76.4;4.85;0.4359
West Virginia;1999;66.0;15.7;4831.0;1826649;264.4733607825039;36.1;6.442;0.4460
Wisconsin;1999;78.6;8.6;12796.0;5314509;240.77482981024207;65.7;3.067;0.4226
Wyoming;1999;83.0;11.6;1111.0;484327;229.3904737914673;65.0;4.717;0.4184
Alabama;2000;75.27;13.3;17990.0;4488050;400.8422366060984;55.4;4.642;0.4610
Alaska;2000;88.33;7.6;3151.0;626932;502.6063432716786;65.6;6.292;0.4059
Arizona;2000;80.97;11.7;27186.0;5142271;528.6769211502077;88.2;3.983;0.4467
Arkansas;2000;75.31;16.5;11807.0;2737887;431.24497103057945;52.5;4.167;0.4542
California;2000;76.79;12.7;210461.0;33974269;619.4717537557615;94.4;4.925;0.4673
Colorado;2000;86.93;9.8;13508.0;4333212;311.7318054136285;84.5;2.725;0.4400
Connecticut;2000;83.98;7.7;11166.0;3485100;320.39252819144355;87.7;2.158;0.4759
Delaware;2000;82.6;8.4;4964.0;806621;615.4067399683371;80.1;3.458;0.4325
District of Columbia;2000;77.83;15.2;8623.0;572059;1507.3620028703333;100.0;5.667;0.5118
Florida;2000;79.86;11.0;128041.0;16049613;797.7824761257484;89.3;3.733;0.4629
Georgia;2000;78.57;12.1;39423.0;8200086;480.7632505317627;71.6;3.533;0.4587
Hawaii;2000;84.57;8.9;2954.0;1314665;224.6960252231557;91.5;4.233;0.4241
Idaho;2000;84.72;12.5;3264.0;1326951;245.9774324748992;66.4;4.625;0.4222
Illinois;2000;81.43;10.7;50655.0;12499777;405.2472296105763;87.8;4.458;0.4599
Indiana;2000;82.13;8.5;17844.0;6096020;292.7155750801342;70.8;3.025;0.4317
Iowa;2000;86.1;8.3;7697.0;2950043;260.9114511212209;61.1;2.675;0.4215
Kansas;2000;86.02;8.0;8151.0;2761829;295.13050952828723;71.4;3.742;0.4353
Kentucky;2000;74.12;12.6;6657.0;4066838;163.6898248713128;55.8;4.15;0.4567
Louisiana;2000;74.81;17.2;28542.0;4522112;631.1652608338759;72.6;5.125;0.4735
Maine;2000;85.37;10.1;1391.0;1314095;105.85231661333464;40.2;3.308;0.4328
Maryland;2000;83.83;7.4;41847.0;5449611;767.889671391224;86.1;3.575;0.4345
Massachusetts;2000;84.76;9.8;33163.0;6365273;520.9988636779601;91.4;2.808;0.4649
Michigan;2000;83.41;9.9;54015.0;10243936;527.2875582198093;74.7;3.692;0.4442
Minnesota;2000;87.95;5.7;13678.0;4983365;274.473172244056;70.9;3.108;0.4312
Mississippi;2000;72.86;14.9;7397.0;2844765;260.0214780482747;48.8;5.325;0.4629
Missouri;2000;81.32;9.2;25438.0;5666897;448.8876363907796;69.4;3.392;0.4445
Montana;2000;87.15;14.1;2495.0;979214;254.7961936818714;54.1;4.833;0.4365
Nebraska;2000;86.58;8.6;5532.0;1776031;311.4810495987964;69.8;2.833;0.4273
Nevada;2000;80.66;8.8;10474.0;2003421;522.8057407803951;91.5;4.142;0.4372
New Hampshire;2000;87.41;4.5;1129.0;1327707;85.03382146814019;59.3;2.667;0.4195
New Jersey;2000;82.07;7.3;32297.0;8461319;381.7017181363804;94.4;3.65;0.4585
New Mexico;2000;78.85;17.5;12445.0;1830812;679.7530276183463;75.0;5.017;0.4578
New York;2000;79.06;13.9;99945.0;20769343;481.21406632843417;87.5;4.5;0.4930
North Carolina;2000;78.14;12.5;38909.0;8084417;481.28393179124726;60.2;3.75;0.4563
North Dakota;2000;83.86;10.4;502.0;658473;76.2369907346239;55.9;2.908;0.4364
Ohio;2000;82.97;10.0;32451.0;11633043;278.9553859639305;77.4;4.067;0.4453
Oklahoma;2000;80.61;14.9;17176.0;3498712;490.9235169971121;65.3;2.992;0.4492
Oregon;2000;85.13;10.9;11890.0;3460183;343.62344419355856;78.7;5.183;0.4404
Pennsylvania;2000;81.9;8.6;48354.0;12822219;377.1110133121264;77.1;4.225;0.4528
Rhode Island;2000;77.96;10.2;3119.0;1054364;295.81814250107175;90.9;4.05;0.4524
South Carolina;2000;76.34;11.1;32671.0;4035045;809.6811807551093;60.5;3.7;0.4525
South Dakota;2000;84.57;10.7;1138.0;765528;148.6555684442633;51.9;2.517;0.4262
Tennessee;2000;75.92;13.5;40213.0;5696812;705.8860288877358;63.6;3.833;0.4602
Texas;2000;75.65;15.5;113270.0;20934833;541.0599645098673;82.5;4.367;0.4606
Utah;2000;87.73;7.6;5349.0;2355886;227.0483376530104;88.2;3.333;0.4063
Vermont;2000;86.42;10.0;647.0;617492;104.77868539187553;38.2;2.775;0.4264
Virginia;2000;81.47;8.3;19771.0;7085348;279.0406342779494;73.0;2.292;0.4526
Washington;2000;87.08;10.8;21443.0;5910726;362.7811541255677;82.0;5.058;0.4369
West Virginia;2000;75.21;14.7;5448.0;1819964;299.3465804818117;46.1;5.558;0.4470
Wisconsin;2000;85.09;9.3;12387.0;5433493;227.97489570705253;68.3;3.392;0.4237
Wyoming;2000;87.86;10.8;1310.0;499238;262.3998974437042;65.1;3.792;0.4195
Alabama;2001;75.27;15.9;16789.0;4502059;372.9182580681417;55.4;5.15;0.4621
Alaska;2001;88.33;8.5;3375.0;634892;531.5864745500022;65.6;6.283;0.4070
Arizona;2001;80.97;14.6;28371.0;5323460;532.9428604704459;88.2;4.725;0.4478
Arkansas;2001;75.31;17.8;11248.0;2752264;408.6817252996079;52.5;4.742;0.4553
California;2001;76.79;12.6;212660.0;34608064;614.4810642976157;94.4;5.458;0.4684
Colorado;2001;86.93;8.7;13953.0;4449380;313.5942535813979;84.5;3.817;0.4410
Connecticut;2001;83.98;7.3;11562.0;3505041;329.86775333013225;87.7;2.933;0.4770
Delaware;2001;82.6;6.7;4935.0;818643;602.8268732524434;80.1;3.483;0.4336
District of Columbia;2001;77.83;18.2;9417.0;571822;1646.8411498683156;100.0;6.308;0.5129
Florida;2001;79.86;12.7;130536.0;16465493;792.7852509487569;89.3;4.667;0.4640
Georgia;2001;78.57;12.9;39614.0;8403421;471.40325350830335;71.6;3.983;0.4598
Hawaii;2001;84.57;11.4;3117.0;1328623;234.60379656230543;91.5;4.275;0.4252
Idaho;2001;84.72;11.5;3198.0;1358864;235.34363998163167;66.4;5.075;0.4233
Illinois;2001;81.43;10.1;49308.0;12558378;392.6303221642158;87.8;5.433;0.4610
Indiana;2001;82.13;8.5;20113.0;6130368;328.0879712278284;70.8;4.175;0.4328
Iowa;2001;86.1;7.4;7597.0;2944852;257.9756130359013;61.1;3.333;0.4225
Kansas;2001;86.02;10.1;8757.0;2717796;322.2096139666112;71.4;4.3;0.4364
Kentucky;2001;74.12;12.6;5824.0;4101396;142.0004310727372;55.8;5.158;0.4578
Louisiana;2001;74.81;16.2;29131.0;4518855;644.654453395827;72.6;5.592;0.4746
Maine;2001;85.37;10.3;1432.0;1322818;108.25374314531552;40.2;3.75;0.4339
Maryland;2001;83.83;7.2;42896.0;5530549;775.619201638029;86.1;4.142;0.4356
Massachusetts;2001;84.76;8.9;31725.0;6395204;496.0748711065354;91.4;3.792;0.4660
Michigan;2001;83.41;9.4;54803.0;10287311;532.7242464041381;74.7;5.15;0.4452
Minnesota;2001;87.95;7.4;12817.0;5038797;254.366270361755;70.9;3.758;0.4323
Mississippi;2001;72.86;19.3;7650.0;2858136;267.656962439856;48.8;5.45;0.4640
Missouri;2001;81.32;9.7;28772.0;5701710;504.620543661463;69.4;4.525;0.4456
Montana;2001;87.15;13.3;1761.0;976899;180.26428525364443;54.1;4.617;0.4375
Nebraska;2001;86.58;9.4;5008.0;1778173;281.63738848807174;69.8;3.158;0.4283
Nevada;2001;80.66;7.1;12332.0;2112936;583.6428552497567;91.5;5.108;0.4383
New Hampshire;2001;87.41;6.5;1108.0;1325114;83.61544742565546;59.3;3.408;0.4206
New Jersey;2001;82.07;8.1;33074.0;8531789;387.6560941673546;94.4;4.225;0.4595
New Mexico;2001;78.85;18.0;12520.0;1840977;680.0736782697448;75.0;4.967;0.4589
New York;2001;79.06;14.2;93005.0;20795253;447.241493046514;87.5;4.867;0.4940
North Carolina;2001;78.14;12.5;39824.0;8221148;484.40923335767707;60.2;5.475;0.4574
North Dakota;2001;83.86;13.8;489.0;649488;75.29007464341142;55.9;2.817;0.4374
Ohio;2001;82.97;10.5;36757.0;11648402;315.5540133316141;77.4;4.433;0.4463
Oklahoma;2001;80.61;15.1;17725.0;3512705;504.59688473697616;65.3;3.625;0.4503
Oregon;2001;85.13;11.8;10594.0;3512205;301.63387387695195;78.7;6.358;0.4415
Pennsylvania;2001;81.9;9.6;45429.0;12815044;354.49741725428333;77.1;4.825;0.4539
Rhode Island;2001;77.96;9.6;3278.0;1065026;307.7859132077527;90.9;4.492;0.4534
South Carolina;2001;76.34;15.1;32837.0;4086286;803.5903507488218;60.5;5.167;0.4536
South Dakota;2001;84.57;8.4;1044.0;767707;135.98938136554702;51.9;3.0;0.4273
Tennessee;2001;75.92;14.1;42742.0;5750195;743.3139223974143;63.6;4.592;0.4613
Texas;2001;75.65;14.9;121448.0;21416331;567.0812614915226;82.5;4.958;0.4617
Utah;2001;87.73;10.5;5205.0;2387140;218.0433489447624;88.2;4.383;0.4074
Vermont;2001;86.42;9.7;585.0;621815;94.07942876900688;38.2;3.217;0.4275
Virginia;2001;81.47;8.0;20120.0;7194672;279.65138647043256;73.0;3.167;0.4537
Washington;2001;87.08;10.7;20899.0;6004842;348.03580177463454;82.0;6.05;0.4380
West Virginia;2001;75.21;16.4;4630.0;1813493;255.3084020726852;46.1;5.283;0.4481
Wisconsin;2001;85.09;7.9;12379.0;5472216;226.2154856460344;68.3;4.425;0.4248
Wyoming;2001;87.86;8.7;1261.0;499886;252.25751471335465;65.1;3.875;0.4206
Alabama;2002;75.27;14.5;18164.0;4516995;402.1257495303847;55.4;5.892;0.4632
Alaska;2002;88.33;8.8;3483.0;643893;540.9283840638118;65.6;7.167;0.4081
Arizona;2002;80.97;13.5;29790.0;5468832;544.7232608352205;88.2;6.158;0.4489
Arkansas;2002;75.31;19.8;10982.0;2766823;396.9173308158852;52.5;5.333;0.4564
California;2002;76.79;13.1;208158.0;35222901;590.9734692210616;94.4;6.733;0.4695
Colorado;2002;86.93;9.8;14691.0;4539943;323.5943711187563;84.5;5.717;0.4421
Connecticut;2002;83.98;8.3;10540.0;3541286;297.63199018661584;87.7;4.35;0.4780
Delaware;2002;82.6;9.1;5074.0;832091;609.7890735508496;80.1;4.083;0.4347
District of Columbia;2002;77.83;17.0;9320.0;570898;1632.5157909118618;100.0;6.608;0.5140
Florida;2002;79.86;12.6;127905.0;16790087;761.7887864428576;89.3;5.642;0.4651
Georgia;2002;78.57;11.2;37463.0;8593897;435.9256342029698;71.6;4.983;0.4609
Hawaii;2002;84.57;11.3;3262.0;1350867;241.4745493079629;91.5;4.042;0.4262
Idaho;2002;84.72;11.3;3426.0;1378653;248.5034305224012;66.4;5.642;0.4244
Illinois;2002;81.43;12.8;48658.0;12671130;384.0067933956956;87.8;6.55;0.4621
Indiana;2002;82.13;9.1;19447.0;6174803;314.94122160658407;70.8;5.117;0.4338
Iowa;2002;86.1;9.2;8208.0;2963614;276.9591451518315;61.1;4.0;0.4236
Kansas;2002;86.02;10.1;8777.0;2786107;315.02738408826366;71.4;5.092;0.4375
Kentucky;2002;74.12;14.2;6756.0;4118154;164.0540883123846;55.8;5.783;0.4589
Louisiana;2002;74.81;17.5;27401.0;4529119;604.9962476146023;72.6;5.967;0.4757
Maine;2002;85.37;13.4;1392.0;1329171;104.72693129777883;40.2;4.433;0.4350
Maryland;2002;83.83;7.4;42278.0;5615508;752.8793476921411;86.1;4.483;0.4366
Massachusetts;2002;84.76;10.0;31190.0;6442064;484.1615978978167;91.4;5.242;0.4671
Michigan;2002;83.41;11.6;53993.0;10348434;521.7504406946983;74.7;6.192;0.4463
Minnesota;2002;87.95;6.5;13114.0;5086860;257.8014728142705;70.9;4.417;0.4334
Mississippi;2002;72.86;18.4;7180.0;2871782;250.01897776363245;48.8;6.4;0.4651
Missouri;2002;81.32;9.9;30285.0;5684884;532.7285481990486;69.4;5.325;0.4467
Montana;2002;87.15;13.5;2081.0;981132;212.10193939245687;54.1;4.567;0.4386
Nebraska;2002;86.58;10.6;5293.0;1794722;294.92032749361744;69.8;3.658;0.4294
Nevada;2002;80.66;8.9;13860.0;2180572;635.6130409819075;91.5;5.625;0.4394
New Hampshire;2002;87.41;5.8;1317.0;1340548;98.2434049358919;59.3;4.467;0.4217
New Jersey;2002;82.07;7.9;32100.0;8638252;371.6029585615238;94.4;5.775;0.4606
New Mexico;2002;78.85;17.9;12172.0;1866916;651.9843420914492;75.0;5.475;0.4600
New York;2002;79.06;14.0;94360.0;20955239;450.29312240246935;87.5;6.2;0.4951
North Carolina;2002;78.14;14.3;38104.0;8347250;456.4856689328821;60.2;6.525;0.4585
North Dakota;2002;83.86;11.6;464.0;650180;71.36485280999108;55.9;3.375;0.4385
Ohio;2002;82.97;9.8;37403.0;11678044;320.2848011190915;77.4;5.817;0.4474
Oklahoma;2002;80.61;14.1;17587.0;3544795;496.1358837393982;65.3;4.617;0.4513
Oregon;2002;85.13;10.9;10210.0;3562454;286.60019189019704;78.7;7.45;0.4426
Pennsylvania;2002;81.9;9.5;46392.0;12859638;360.7566558249929;77.1;5.542;0.4550
Rhode Island;2002;77.96;11.0;3051.0;1075893;283.57838558295293;90.9;5.05;0.4545
South Carolina;2002;76.34;14.3;34344.0;4125577;832.4653739343612;60.5;6.075;0.4547
South Dakota;2002;84.57;11.5;1195.0;772235;154.74564089946713;51.9;3.258;0.4284
Tennessee;2002;75.92;14.8;41623.0;5812035;716.1519158091787;63.6;5.175;0.4623
Texas;2002;75.65;15.6;125661.0;21857459;574.9112922961448;82.5;6.367;0.4627
Utah;2002;87.73;9.9;5498.0;2444864;224.8795843040758;88.2;5.667;0.4085
Vermont;2002;86.42;9.9;666.0;625369;106.49712409793256;38.2;3.942;0.4286
Virginia;2002;81.47;9.9;20809.0;7300583;285.03203100355137;73.0;4.192;0.4548
Washington;2002;87.08;11.0;20541.0;6093559;337.09364264791725;82.0;7.15;0.4391
West Virginia;2002;75.21;16.8;3981.0;1813445;219.5269225148819;46.1;6.075;0.4492
Wisconsin;2002;85.09;8.6;12101.0;5518622;219.2757539835125;68.3;5.317;0.4258
Wyoming;2002;87.86;9.0;1336.0;504213;264.9673848155442;65.1;4.058;0.4217
Alabama;2003;75.27;15.0;18387.0;4531274;405.7799197311838;55.4;5.95;0.4642
Alaska;2003;88.33;9.6;3786.0;648921;583.4300323151816;65.6;7.675;0.4092
Arizona;2003;80.97;13.5;28197.0;5602641;503.2805064611493;88.2;5.783;0.4500
Arkansas;2003;75.31;17.8;11112.0;2773659;400.6260322555873;52.5;5.758;0.4575
California;2003;76.79;13.1;204594.0;35592667;574.8206505570375;94.4;6.9;0.4705
Colorado;2003;86.93;9.7;14693.0;4584627;320.48408736414103;84.5;6.117;0.4432
Connecticut;2003;83.98;8.1;9765.0;3565135;273.90267128734257;87.7;5.458;0.4791
Delaware;2003;82.6;7.3;5525.0;841448;656.6062311634231;80.1;4.25;0.4358
District of Columbia;2003;77.83;16.8;9061.0;563384;1608.3168851085582;100.0;6.833;0.5151
Florida;2003;79.86;12.7;124236.0;17102484;726.4207936110333;89.3;5.292;0.4662
Georgia;2003;78.57;11.9;36915.0;8719493;423.3617711488501;71.6;4.825;0.4620
Hawaii;2003;84.57;9.3;3400.0;1364659;249.1464900755427;91.5;3.908;0.4273
Idaho;2003;84.72;10.2;3335.0;1407177;236.99932560012;66.4;5.592;0.4254
Illinois;2003;81.43;12.6;42417.0;12719599;333.4774940625093;87.8;6.75;0.4632
Indiana;2003;82.13;9.9;19561.0;6214751;314.7511461038423;70.8;5.208;0.4349
Iowa;2003;86.1;8.9;7944.0;2973146;267.19172216904246;61.1;4.458;0.4247
Kansas;2003;86.02;10.8;7891.0;2794304;282.3959025217013;71.4;5.583;0.4386
Kentucky;2003;74.12;14.4;6436.0;4145297;155.26028653676684;55.8;6.183;0.4600
Louisiana;2003;74.81;17.0;26497.0;4542081;583.3669632928166;72.6;6.233;0.4767
Maine;2003;85.37;11.6;1422.0;1344343;105.77657636481166;40.2;5.1;0.4361
Maryland;2003;83.83;8.6;27595.0;5672192;486.49622579771625;86.1;4.475;0.4377
Massachusetts;2003;84.76;10.3;30895.0;6447698;479.1632610584429;91.4;5.742;0.4682
Michigan;2003;83.41;11.4;50998.0;10392804;490.70491466980417;74.7;7.108;0.4474
Minnesota;2003;87.95;7.4;12799.0;5135884;249.20734191037025;70.9;4.758;0.4344
Mississippi;2003;72.86;16.0;6813.0;2881281;236.45732575198323;48.8;6.142;0.4662
Missouri;2003;81.32;10.7;28051.0;5732950;489.2943423542853;69.4;5.692;0.4478
Montana;2003;87.15;15.1;2185.0;987421;221.2835254668475;54.1;4.733;0.4397
Nebraska;2003;86.58;9.8;5011.0;1803654;277.8249043330927;69.8;3.917;0.4305
Nevada;2003;80.66;10.9;13813.0;2247570;614.5748519512184;91.5;5.2;0.4405
New Hampshire;2003;87.41;5.8;1239.0;1349937;91.78206094062168;59.3;4.433;0.4228
New Jersey;2003;82.07;8.6;31436.0;8688836;361.7975986656901;94.4;5.85;0.4617
New Mexico;2003;78.85;18.1;11244.0;1892610;594.1002108199788;75.0;5.925;0.4611
New York;2003;79.06;14.3;88362.0;21018067;420.4097360618367;87.5;6.417;0.4962
North Carolina;2003;78.14;15.7;36471.0;8433301;432.4641086568593;60.2;6.258;0.4595
North Dakota;2003;83.86;9.7;469.0;650626;72.08442330924372;55.9;3.45;0.4396
Ohio;2003;82.97;10.9;34714.0;11693154;296.87456438185967;77.4;6.25;0.4485
Oklahoma;2003;80.61;12.8;17758.0;3566501;497.9109777341994;65.3;5.383;0.4524
Oregon;2003;85.13;12.5;10362.0;3604250;287.493930776167;78.7;8.017;0.4436
Pennsylvania;2003;81.9;10.5;45814.0;12888020;355.4774123565916;77.1;5.7;0.4561
Rhode Island;2003;77.96;11.5;3074.0;1082476;283.97858243508404;90.9;5.525;0.4556
South Carolina;2003;76.34;12.7;33429.0;4167510;802.1336481496146;60.5;6.75;0.4557
South Dakota;2003;84.57;12.7;1258.0;774952;162.3326347954454;51.9;3.475;0.4295
Tennessee;2003;75.92;14.0;40372.0;5856475;689.3566522524214;63.6;5.533;0.4634
Texas;2003;75.65;17.0;122130.0;22191199;550.3533179978243;82.5;6.758;0.4638
Utah;2003;87.73;9.1;5654.0;2457770;230.04593595006853;88.2;5.575;0.4096
Vermont;2003;86.42;8.5;695.0;629073;110.48002378102385;38.2;4.342;0.4296
Virginia;2003;81.47;10.0;20039.0;7393288;271.0431407514492;73.0;4.108;0.4559
Washington;2003;87.08;12.6;21120.0;6155586;343.1029962053978;82.0;7.267;0.4402
West Virginia;2003;75.21;17.4;4056.0;1822836;222.51041783243247;46.1;6.125;0.4503
Wisconsin;2003;85.09;9.8;11949.0;5556161;215.0585629178132;68.3;5.608;0.4269
Wyoming;2003;87.86;9.8;1282.0;506879;252.92032220707503;65.1;4.358;0.4228
Alabama;2004;75.27;16.9;18641.0;4550680;409.631088101119;55.4;5.575;0.4653
Alaska;2004;88.33;9.1;4082.0;655932;622.3206064043225;65.6;7.417;0.4102
Arizona;2004;80.97;14.4;28562.0;5765872;495.36306043561154;88.2;4.958;0.4510
Arkansas;2004;75.31;15.1;12766.0;2781633;458.9390476745135;52.5;5.567;0.4586
California;2004;76.79;13.2;197423.0;36003471;548.3443526875506;94.4;6.225;0.4716
Colorado;2004;86.93;10.0;16582.0;4638693;357.47138256401104;84.5;5.567;0.4443
Connecticut;2004;83.98;10.1;9169.0;3586296;255.66768610287608;87.7;5.05;0.4802
Delaware;2004;82.6;9.0;5105.0;854779;597.2303952249646;80.1;4.008;0.4369
District of Columbia;2004;77.83;17.0;7593.0;553523;1371.7587164399672;100.0;7.5;0.5162
Florida;2004;79.86;11.6;123695.0;17489500;707.2529231824809;89.3;4.608;0.4673
Georgia;2004;78.57;13.0;36900.0;8865341;416.2276442609484;71.6;4.767;0.4631
Hawaii;2004;84.57;8.6;3274.0;1370337;238.91933152210004;91.5;3.308;0.4284
Idaho;2004;84.72;9.9;3448.0;1437770;239.8158258970489;66.4;4.9;0.4265
Illinois;2004;81.43;12.3;40113.0;12779604;313.8829653876599;87.8;6.192;0.4643
Indiana;2004;82.13;11.6;18783.0;6256746;300.2039718409537;70.8;5.417;0.4360
Iowa;2004;86.1;10.9;8272.0;2981527;277.4417270076709;61.1;4.508;0.4258
Kansas;2004;86.02;11.4;9911.0;2808073;352.94666484810045;71.4;5.492;0.4397
Kentucky;2004;74.12;17.8;9310.0;4174200;223.03674955680128;55.8;5.517;0.4611
Louisiana;2004;74.81;16.8;27465.0;4561336;602.1262191603513;72.6;5.683;0.4778
Maine;2004;85.37;11.6;1363.0;1359674;100.24461745977344;40.2;4.667;0.4371
Maryland;2004;83.83;9.9;38937.0;5726100;679.9916173311678;86.1;4.308;0.4388
Massachusetts;2004;84.76;9.3;30181.0;6430871;469.3143432670318;91.4;5.133;0.4693
Michigan;2004;83.41;13.3;49272.0;10462367;470.94505478540367;74.7;6.942;0.4485
Minnesota;2004;87.95;7.0;13671.0;5217233;262.03545059229674;70.9;4.625;0.4355
Mississippi;2004;72.86;18.7;6579.0;2904176;226.53585733096068;48.8;6.167;0.4673
Missouri;2004;81.32;12.2;28072.0;5784134;485.3276220779117;69.4;5.842;0.4489
Montana;2004;87.15;14.2;2091.0;996511;209.83210421159424;54.1;4.542;0.4408
Nebraska;2004;86.58;9.5;5292.0;1809146;292.5137053615352;69.8;3.85;0.4316
Nevada;2004;80.66;10.9;14379.0;2341129;614.1908455279482;91.5;4.45;0.4416
New Hampshire;2004;87.41;5.5;1552.0;1357671;114.31340877134448;59.3;3.825;0.4238
New Jersey;2004;82.07;8.0;30914.0;8750387;353.2872317532928;94.4;4.917;0.4628
New Mexico;2004;78.85;16.5;11917.0;1922397;619.9031729658338;75.0;5.583;0.4621
New York;2004;79.06;15.0;84274.0;21053780;400.2796647442882;87.5;5.808;0.4973
North Carolina;2004;78.14;14.6;36579.0;8568209;426.91535652316605;60.2;5.467;0.4606
North Dakota;2004;83.86;9.7;525.0;652988;80.39963980961366;55.9;3.358;0.4407
Ohio;2004;82.97;11.6;36286.0;11714712;309.74726480685143;77.4;6.225;0.4496
Oklahoma;2004;80.61;10.8;17632.0;3579422;492.5934969388913;65.3;4.708;0.4535
Oregon;2004;85.13;11.8;10601.0;3639657;291.2637097396816;78.7;7.317;0.4447
Pennsylvania;2004;81.9;11.4;48271.0;12949082;372.7754600673623;77.1;5.342;0.4572
Rhode Island;2004;77.96;11.5;2673.0;1086969;245.913176916729;90.9;5.283;0.4567
South Carolina;2004;76.34;14.9;33112.0;4218132;784.9920296472466;60.5;6.925;0.4568
South Dakota;2004;84.57;13.5;1222.0;781164;156.4332201688762;51.9;3.567;0.4305
Tennessee;2004;75.92;15.9;41084.0;5913360;694.7657507745173;63.6;5.35;0.4645
Texas;2004;75.65;16.5;121148.0;22560566;536.9900737419442;82.5;6.025;0.4649
Utah;2004;87.73;10.1;5583.0;2494676;223.7965972334684;88.2;5.0;0.4106
Vermont;2004;86.42;7.8;687.0;632382;108.63686822205568;38.2;3.642;0.4307
Virginia;2004;81.47;9.4;20287.0;7466783;271.6966597261498;73.0;3.717;0.4570
Washington;2004;87.08;11.4;21190.0;6235902;339.80649471399647;82.0;6.25;0.4413
West Virginia;2004;75.21;14.2;4716.0;1828129;257.96866632496943;46.1;5.375;0.4514
Wisconsin;2004;85.09;12.4;11460.0;5593370;204.88542685357845;68.3;4.967;0.4280
Wyoming;2004;87.86;10.0;1137.0;512254;221.9601994323129;65.1;3.833;0.4238
Alabama;2005;75.27;16.7;16245.0;4575157;355.0697823047384;55.4;4.458;0.4664
Alaska;2005;88.33;10.0;4127.0;664150;621.395769028081;65.6;6.925;0.4113
Arizona;2005;80.97;15.2;29360.0;5961525;492.4914346580783;88.2;4.642;0.4521
Arkansas;2005;75.31;13.8;14145.0;2808844;503.5879529087411;52.5;5.267;0.4596
California;2005;76.79;13.2;189345.0;36243236;522.4285160408966;94.4;5.392;0.4727
Colorado;2005;86.93;11.4;18006.0;4702789;382.87918084353777;84.5;5.083;0.4454
Connecticut;2005;83.98;9.3;8398.0;3593240;233.71664570137256;87.7;4.858;0.4813
Delaware;2005;82.6;9.2;5513.0;870075;633.6235382007299;80.1;4.125;0.4380
District of Columbia;2005;77.83;21.3;8032.0;550521;1458.9815829005615;100.0;6.467;0.5172
Florida;2005;79.86;11.1;125677.0;17883830;702.7409676786236;89.3;3.742;0.4684
Georgia;2005;78.57;14.4;37841.0;9111910;415.2916347944613;71.6;5.283;0.4642
Hawaii;2005;84.57;8.6;3432.0;1383742;248.02311413543856;91.5;2.842;0.4295
Idaho;2005;84.72;9.9;3665.0;1474282;248.5955875470229;66.4;4.025;0.4276
Illinois;2005;81.43;11.5;39374.0;12826171;306.981717302849;87.8;5.733;0.4654
Indiana;2005;82.13;12.6;18763.0;6284182;298.57505718325785;70.8;5.4;0.4371
Iowa;2005;86.1;11.3;8582.0;2993509;286.68696168944206;61.1;4.283;0.4269
Kansas;2005;86.02;12.5;10233.0;2819342;362.9570303992917;71.4;5.083;0.4407
Kentucky;2005;74.12;14.8;10240.0;4198940;243.8710722229896;55.8;5.842;0.4622
Louisiana;2005;74.81;18.3;23689.0;4613033;513.5233153545618;72.6;7.05;0.4789
Maine;2005;85.37;12.6;1473.0;1365098;107.90434093376446;40.2;4.883;0.4382
Maryland;2005;83.83;9.7;39369.0;5769032;682.4195116269073;86.1;4.167;0.4399
Massachusetts;2005;84.76;10.1;31763.0;6413161;495.278381440915;91.4;4.792;0.4704
Michigan;2005;83.41;12.0;55616.0;10503531;529.4981278200636;74.7;6.758;0.4496
Minnesota;2005;87.95;8.1;15101.0;5251641;287.548215881474;70.9;4.108;0.4366
Mississippi;2005;72.86;20.1;6502.0;2922286;222.4970451215247;48.8;7.65;0.4684
Missouri;2005;81.32;11.6;30338.0;5833568;520.0590787662028;69.4;5.417;0.4500
Montana;2005;87.15;13.8;2361.0;1005339;234.8461563711345;54.1;4.083;0.4419
Nebraska;2005;86.58;9.5;4933.0;1823210;270.56674765934804;69.8;3.775;0.4327
Nevada;2005;80.66;10.6;14655.0;2421139;605.2936241991889;91.5;4.208;0.4427
New Hampshire;2005;87.41;5.6;1568.0;1367915;114.6270053329337;59.3;3.633;0.4249
New Jersey;2005;82.07;6.8;30911.0;8770503;352.4427276291907;94.4;4.442;0.4639
New Mexico;2005;78.85;17.9;11739.0;1947879;602.6555037556235;75.0;5.225;0.4632
New York;2005;79.06;14.5;85551.0;21085280;405.7380314608105;87.5;4.95;0.4984
North Carolina;2005;78.14;13.1;39606.0;8710624;454.6861395922956;60.2;5.217;0.4617
North Dakota;2005;83.86;11.2;668.0;657313;101.62586165190709;55.9;3.325;0.4418
Ohio;2005;82.97;12.3;36918.0;11703070;315.45568812286007;77.4;5.9;0.4507
Oklahoma;2005;80.61;15.6;18021.0;3607913;499.4854365945077;65.3;4.325;0.4546
Oregon;2005;85.13;12.0;10403.0;3689202;281.9851013850692;78.7;6.167;0.4458
Pennsylvania;2005;81.9;11.2;50423.0;12970259;388.7586207800477;77.1;4.992;0.4582
Rhode Island;2005;77.96;12.1;2699.0;1082452;249.3413102844284;90.9;5.142;0.4578
South Carolina;2005;76.34;15.0;32572.0;4274954;761.9263271604793;60.5;6.783;0.4579
South Dakota;2005;84.57;11.8;1204.0;793779;151.67949769394252;51.9;3.517;0.4316
Tennessee;2005;75.92;14.9;45019.0;5974002;753.5819372005567;63.6;5.5;0.4656
Texas;2005;75.65;16.2;121041.0;22931222;527.8436535131011;82.5;5.475;0.4660
Utah;2005;87.73;9.2;5637.0;2579994;218.48888020669816;88.2;4.042;0.4117
Vermont;2005;86.42;7.6;749.0;632830;118.357220738587;38.2;3.475;0.4318
Virginia;2005;81.47;9.2;21225.0;7572336;280.29659539671775;73.0;3.492;0.4580
Washington;2005;87.08;10.2;21632.0;6317852;342.39485192119093;82.0;5.575;0.4424
West Virginia;2005;75.21;15.4;4621.0;1829736;252.5500946584644;46.1;5.042;0.4525
Wisconsin;2005;85.09;10.2;13260.0;5621216;235.8920205165573;68.3;4.708;0.4291
Wyoming;2005;87.86;10.6;1143.0;515094;221.9012452096122;65.1;3.567;0.4249
Alabama;2006;75.27;14.3;15362.0;4616525;332.7611136081793;55.4;4.008;0.4700
Alaska;2006;88.33;8.9;4539.0;670527;676.9302354715022;65.6;6.617;0.4200
Arizona;2006;80.97;14.4;33411.0;6179065;540.7128748443332;88.2;4.267;0.4500
Arkansas;2006;75.31;17.7;15209.0;2850710;533.5162117507568;52.5;5.233;0.4600
California;2006;76.79;12.2;194132.0;36572532;530.8136718562445;94.4;4.892;0.4700
Colorado;2006;86.93;9.7;18696.0;4790446;390.2768134741525;84.5;4.25;0.4500
Connecticut;2006;83.98;8.0;10466.0;3587033;291.7731729816815;87.7;4.425;0.4800
Delaware;2006;82.6;9.3;5983.0;881748;678.5385393559158;80.1;3.583;0.4300
District of Columbia;2006;77.83;18.3;8772.0;581530;1508.4346465358624;100.0;5.833;0.5400
Florida;2006;79.86;11.5;129437.0;18186529;711.7190971405263;89.3;3.283;0.4700
Georgia;2006;78.57;12.6;41125.0;9414191;436.8405102467116;71.6;4.658;0.4600
Hawaii;2006;84.57;9.2;3470.0;1394924;248.7590721788428;91.5;2.567;0.4400
Idaho;2006;84.72;9.5;3602.0;1514779;237.79046316327333;66.4;3.392;0.4200
Illinois;2006;81.43;10.6;49885.0;12903652;386.5959807347563;87.8;4.625;0.4600
Indiana;2006;82.13;10.6;18923.0;6325730;299.1433399781527;70.8;5.017;0.4300
Iowa;2006;86.1;10.3;8362.0;3009709;277.8341693499272;61.1;3.692;0.4200
Kansas;2006;86.02;12.8;11712.0;2842603;412.016732551116;71.4;4.417;0.4400
Kentucky;2006;74.12;16.8;10369.0;4232421;244.9898060708044;55.8;5.733;0.4600
Louisiana;2006;74.81;17.0;28587.0;4364276;655.0227345841555;72.6;4.142;0.4800
Maine;2006;85.37;10.2;1532.0;1361204;112.54742125353732;40.2;4.708;0.4300
Maryland;2006;83.83;8.4;38110.0;5782952;659.0059886369453;86.1;3.85;0.4300
Massachusetts;2006;84.76;12.0;31813.0;6449866;493.2350532553699;91.4;4.692;0.4600
Michigan;2006;83.41;13.3;56678.0;10472927;541.1858595023149;74.7;6.867;0.4400
Minnesota;2006;87.95;8.2;14868.0;5294340;280.82820521538093;70.9;4.058;0.4300
Mississippi;2006;72.86;20.6;7044.0;2911756;241.91587481918123;48.8;6.383;0.4700
Missouri;2006;81.32;11.4;31877.0;5878107;542.3004378790655;69.4;4.892;0.4500
Montana;2006;87.15;13.5;3393.0;1007609;336.7377623661559;54.1;3.367;0.4300
Nebraska;2006;86.58;10.2;5032.0;1830752;274.85972977224657;69.8;3.042;0.4300
Nevada;2006;80.66;9.5;18670.0;2502102;746.1726180627328;91.5;4.167;0.4300
New Hampshire;2006;87.41;5.4;1664.0;1372416;121.24603618727848;59.3;3.517;0.4200
New Jersey;2006;82.07;8.8;30545.0;8774169;348.1241357443651;94.4;4.692;0.4600
New Mexico;2006;78.85;16.9;12470.0;1960013;636.2202699675971;75.0;4.233;0.4600
New York;2006;79.06;14.0;83799.0;21155940;396.1015204240511;87.5;4.5;0.5000
North Carolina;2006;78.14;13.8;41078.0;8889498;462.0958348829147;60.2;4.733;0.4600
North Dakota;2006;83.86;11.4;1032.0;656369;157.22863206519503;55.9;3.117;0.4300
Ohio;2006;82.97;12.1;38141.0;11698918;326.02160302345914;77.4;5.433;0.4500
Oklahoma;2006;80.61;15.2;17819.0;3644477;488.9316080194772;65.3;3.908;0.4600
Oregon;2006;85.13;11.8;10376.0;3750459;276.6594702141791;78.7;5.392;0.4400
Pennsylvania;2006;81.9;11.3;53083.0;13007252;408.1031104802152;77.1;4.725;0.4600
Rhode Island;2006;77.96;10.5;2460.0;1073858;229.0805674493276;90.9;5.258;0.4400
South Carolina;2006;76.34;11.2;33234.0;4342253;765.3630500111348;60.5;6.35;0.4600
South Dakota;2006;84.57;10.7;1695.0;803401;210.9780794397816;51.9;3.008;0.4400
Tennessee;2006;75.92;14.9;46012.0;6049950;760.5352110348019;63.6;5.217;0.4700
Texas;2006;75.65;16.4;121480.0;23579632;515.1903982216517;82.5;4.975;0.4700
Utah;2006;87.73;9.3;5659.0;2652169;213.3725264114014;88.2;2.867;0.4100
Vermont;2006;86.42;7.8;897.0;633732;141.54248167995303;38.2;3.683;0.4200
Virginia;2006;81.47;8.6;21524.0;7647723;281.44324787914;73.0;3.075;0.4600
Washington;2006;87.08;8.0;22062.0;6428613;343.1844474072401;82.0;4.992;0.4400
West Virginia;2006;75.21;15.3;4780.0;1831328;261.01277324433414;46.1;4.775;0.4500
Wisconsin;2006;85.09;10.1;15869.0;5641804;281.27528003454216;68.3;4.692;0.4200
Wyoming;2006;87.86;10.0;1276.0;521073;244.87931633379583;65.1;3.075;0.4100
Alabama;2007;75.27;14.5;18062.0;4646319;388.7378374149515;55.4;4.067;0.4700
Alaska;2007;88.33;7.6;4451.0;683918;650.8090151158473;65.6;6.25;0.4100
Arizona;2007;80.97;14.3;31668.0;6351417;498.59739960389936;88.2;3.7;0.4500
Arkansas;2007;75.31;13.8;14911.0;2862582;520.8933752814767;52.5;5.383;0.4600
California;2007;76.79;12.7;191039.0;36672767;520.9287862025792;94.4;5.317;0.4700
Colorado;2007;86.93;9.8;16952.0;4900222;345.9435103144306;84.5;3.683;0.4500
Connecticut;2007;83.98;8.9;10547.0;3584852;294.21019333573605;87.7;4.533;0.4800
Delaware;2007;82.6;9.3;6100.0;884060;689.9984163970771;80.1;3.4;0.4400
District of Columbia;2007;77.83;18.0;8325.0;588292;1415.113583050594;100.0;5.542;0.5400
Florida;2007;79.86;12.5;131704.0;18341214;718.0767859750177;89.3;4.008;0.4700
Georgia;2007;78.57;13.6;45090.0;9603810;469.50116672445625;71.6;4.575;0.4600
Hawaii;2007;84.57;7.5;3544.0;1392635;254.48161219558608;91.5;2.742;0.4200
Idaho;2007;84.72;9.9;3788.0;1549218;244.51045624308523;66.4;2.95;0.4400
Illinois;2007;81.43;10.0;49733.0;12923835;384.8161168879052;87.8;5.058;0.4700
Indiana;2007;82.13;11.8;20293.0;6357333;319.2061828442839;70.8;4.642;0.4300
Iowa;2007;86.1;8.9;8777.0;3015918;291.022501274902;61.1;3.717;0.4300
Kansas;2007;86.02;11.7;12387.0;2856095;433.7040609643587;71.4;4.258;0.4400
Kentucky;2007;74.12;15.5;11524.0;4269523;269.9130558612754;55.8;5.367;0.4700
Louisiana;2007;74.81;16.1;30292.0;4375963;692.2362003517854;72.6;4.083;0.4800
Maine;2007;85.37;10.9;1565.0;1357264;115.30549694090465;40.2;4.7;0.4400
Maryland;2007;83.83;8.8;36063.0;5788936;622.9642200224705;86.1;3.442;0.4400
Massachusetts;2007;84.76;11.2;29509.0;6461073;456.7198048992792;91.4;4.517;0.4700
Michigan;2007;83.41;10.8;53298.0;10451398;509.9604856689985;74.7;7.067;0.4500
Minnesota;2007;87.95;9.3;13550.0;5332183;254.1173099272849;70.9;4.6;0.4400
Mississippi;2007;72.86;22.6;6518.0;2919962;223.22208302710789;48.8;6.133;0.4800
Missouri;2007;81.32;12.8;32918.0;5918287;556.2082406615293;69.4;5.083;0.4500
Montana;2007;87.15;13.0;3393.0;1022745;331.75424959300705;54.1;3.392;0.4400
Nebraska;2007;86.58;9.9;5333.0;1845915;288.9082108331099;69.8;2.958;0.4300
Nevada;2007;80.66;9.7;19352.0;2571920;752.433979283959;91.5;4.767;0.4400
New Hampshire;2007;87.41;5.8;1717.0;1372790;125.07375490788831;59.3;3.533;0.4200
New Jersey;2007;82.07;8.7;28538.0;8734669;326.7210240021688;94.4;4.208;0.4600
New Mexico;2007;78.85;14.0;12930.0;1975264;654.5960438705914;75.0;3.542;0.4600
New York;2007;79.06;14.5;79838.0;21141230;377.6412252267252;87.5;4.425;0.5000
North Carolina;2007;78.14;15.5;39151.0;9095201;430.4577765790993;60.2;4.717;0.4700
North Dakota;2007;83.86;9.3;1114.0;658340;169.21347631922714;55.9;3.042;0.4400
Ohio;2007;82.97;12.8;37366.0;11686891;319.72575084340224;77.4;5.6;0.4500
Oklahoma;2007;80.61;13.4;18160.0;3683300;493.0361360736296;65.3;3.958;0.4600
Oregon;2007;85.13;12.8;10702.0;3797589;281.81038021755387;78.7;5.158;0.4400
Pennsylvania;2007;81.9;10.4;50857.0;12977687;391.8803096422344;77.1;4.592;0.4600
Rhode Island;2007;77.96;9.5;2420.0;1063980;227.4478843587285;90.9;5.117;0.4600
South Carolina;2007;76.34;14.1;34571.0;4432638;779.9193166687647;60.5;5.617;0.4600
South Dakota;2007;84.57;9.4;1664.0;820695;202.75498205788995;51.9;2.85;0.4200
Tennessee;2007;75.92;14.8;46443.0;6169812;752.745788688537;63.6;4.65;0.4700
Texas;2007;75.65;16.5;121936.0;23977218;508.5494071914432;82.5;4.342;0.4700
Utah;2007;87.73;9.6;6225.0;2751296;226.25700760659703;88.2;2.558;0.4100
Vermont;2007;86.42;9.9;785.0;631049;124.39604531502307;38.2;3.883;0.4300
Virginia;2007;81.47;8.6;20984.0;7716894;271.9228746695238;73.0;3.075;0.4600
Washington;2007;87.08;10.2;21648.0;6500793;333.0055271718389;82.0;4.608;0.4400
West Virginia;2007;75.21;14.8;4663.0;1824749;255.54199509083168;46.1;4.475;0.4500
Wisconsin;2007;85.09;11.0;16302.0;5686904;286.6586107309003;68.3;4.825;0.4300
Wyoming;2007;87.86;10.9;1321.0;529131;249.6546223902965;65.1;2.733;0.4400
Alabama;2008;75.27;14.3;19764.0;4684189;421.9300288694585;55.4;5.917;0.4700
Alaska;2008;88.33;8.2;4434.0;686732;645.6667229719891;65.6;6.508;0.4000
Arizona;2008;80.97;18.0;30947.0;6513235;475.14023369339503;88.2;5.767;0.4500
Arkansas;2008;75.31;15.3;14264.0;2881714;494.9831940296643;52.5;5.417;0.4600
California;2008;76.79;14.6;185172.0;36876276;502.1439800483108;94.4;7.283;0.4700
Colorado;2008;86.93;11.0;16484.0;4978873;331.0789409571202;84.5;4.842;0.4600
Connecticut;2008;83.98;8.1;10737.0;3592331;298.8867117200503;87.7;5.642;0.4900
Delaware;2008;82.6;9.6;6187.0;892606;693.1389661283926;80.1;4.867;0.4500
District of Columbia;2008;77.83;16.5;8509.0;591833;1437.736658820985;100.0;6.508;0.5400
Florida;2008;79.86;13.1;126080.0;18427925;684.1790380631568;89.3;6.3;0.4700
Georgia;2008;78.57;15.5;45553.0;9742376;467.57587676763865;71.6;6.408;0.4700
Hawaii;2008;84.57;9.9;3510.0;1397856;251.0988256301078;91.5;4.092;0.4300
Idaho;2008;84.72;12.2;3642.0;1575635;231.1449034833575;66.4;5.017;0.4200
Illinois;2008;81.43;12.3;50287.0;12973710;387.6069374142015;87.8;6.508;0.4700
Indiana;2008;82.13;14.3;20484.0;6388695;320.62886082368937;70.8;5.933;0.4400
Iowa;2008;86.1;9.5;8507.0;3028304;280.9163148745965;61.1;4.158;0.4300
Kansas;2008;86.02;12.7;11107.0;2883377;385.2080390458827;71.4;4.583;0.4400
Kentucky;2008;74.12;17.1;12274.0;4301078;285.3703187898476;55.8;6.542;0.4700
Louisiana;2008;74.81;18.2;28002.0;4492956;623.242248533037;72.6;4.667;0.4800
Maine;2008;85.37;12.0;1572.0;1356450;115.8907442220502;40.2;5.408;0.4400
Maryland;2008;83.83;8.7;35393.0;5800551;610.1661721446807;86.1;4.317;0.4400
Massachusetts;2008;84.76;11.3;29865.0;6509197;458.81235427349947;91.4;5.317;0.4700
Michigan;2008;83.41;13.0;50956.0;10376520;491.0702239286389;74.7;8.233;0.4500
Minnesota;2008;87.95;9.9;12364.0;5414468;228.3511510272108;70.9;5.45;0.4500
Mississippi;2008;72.86;18.1;6887.0;2939817;234.2662825611254;48.8;6.717;0.4800
Missouri;2008;81.32;13.3;29646.0;5950049;498.2479976215322;69.4;6.158;0.4500
Montana;2008;87.15;12.9;2848.0;1031083;276.2144269665973;54.1;4.725;0.4500
Nebraska;2008;86.58;10.6;5389.0;1855988;290.3574807595739;69.8;3.258;0.4300
Nevada;2008;80.66;10.8;18917.0;2606849;725.6653530756864;91.5;6.9;0.4300
New Hampshire;2008;87.41;7.0;1905.0;1371973;138.85112899452102;59.3;3.767;0.4200
New Jersey;2008;82.07;9.2;28337.0;8726828;324.7113384152867;94.4;5.425;0.4600
New Mexico;2008;78.85;19.3;12778.0;1989674;642.2157599687184;75.0;4.375;0.4600
New York;2008;79.06;14.2;77408.0;21383787;361.99387882043527;87.5;5.392;0.5000
North Carolina;2008;78.14;13.9;41421.0;9257073;447.4524506828454;60.2;5.933;0.4600
North Dakota;2008;83.86;11.8;1180.0;658883;179.0909766984427;55.9;3.075;0.4500
Ohio;2008;82.97;13.7;37538.0;11713451;320.4691768463453;77.4;6.6;0.4500
Oklahoma;2008;80.61;13.6;19202.0;3704782;518.3031012351064;65.3;3.608;0.4600
Oregon;2008;85.13;10.6;9717.0;3841297;252.96143464043527;78.7;6.308;0.4500
Pennsylvania;2008;81.9;11.0;50490.0;12990337;388.6735194013828;77.1;5.383;0.4600
Rhode Island;2008;77.96;12.7;2656.0;1056952;251.28861102490936;90.9;7.625;0.4600
South Carolina;2008;76.34;14.0;32489.0;4506037;721.0105021330273;60.5;6.917;0.4600
South Dakota;2008;84.57;13.1;2015.0;831492;242.3354644422316;51.9;3.075;0.4500
Tennessee;2008;75.92;15.0;44819.0;6230777;719.3163870252458;63.6;6.508;0.4700
Texas;2008;75.65;15.9;123497.0;24401987;506.0940324244907;82.5;4.867;0.4700
Utah;2008;87.73;7.6;6067.0;2842728;213.42175544054868;88.2;3.342;0.4100
Vermont;2008;86.42;9.0;851.0;630943;134.8774770462625;38.2;4.483;0.4300
Virginia;2008;81.47;10.3;20028.0;7775680;257.5723280793448;73.0;4.075;0.4600
Washington;2008;87.08;10.4;21691.0;6581318;329.5844388616383;82.0;5.2;0.4400
West Virginia;2008;75.21;14.5;4664.0;1826800;255.309831399168;46.1;4.525;0.4500
Wisconsin;2008;85.09;9.8;15484.0;5714275;270.97050806970265;68.3;4.942;0.4300
Wyoming;2008;87.86;10.1;1296.0;539308;240.3079501880188;65.1;3.0;0.4400
Alabama;2009;75.27;16.6;20530.0;4732747;433.78612885920165;55.4;9.733;0.4700
Alaska;2009;88.33;11.7;4393.0;698901;628.5582650475533;65.6;7.833;0.4000
Arizona;2009;80.97;21.2;28342.0;6609085;428.83394600008927;88.2;9.717;0.4500
Arkansas;2009;75.31;18.9;14318.0;2914733;491.2285276215694;52.5;7.708;0.4600
California;2009;76.79;15.3;174623.0;37061435;471.1717179866349;94.4;11.45;0.4700
Colorado;2009;86.93;12.3;16871.0;5062934;333.2257540785639;84.5;7.95;0.4500
Connecticut;2009;83.98;8.4;10585.0;3609641;293.24245818351466;87.7;8.258;0.4800
Delaware;2009;82.6;12.3;5706.0;904124;631.1081223372015;80.1;8.158;0.4300
District of Columbia;2009;77.83;17.9;8089.0;599657;1348.9378094477345;100.0;9.542;0.5300
Florida;2009;79.86;14.6;113415.0;18646709;608.2306534627638;89.3;10.217;0.4700
Georgia;2009;78.57;18.4;40675.0;9886620;411.4146189496511;71.6;9.908;0.4700
Hawaii;2009;84.57;12.5;3550.0;1405431;252.59155376535736;91.5;6.5;0.4300
Idaho;2009;84.72;13.7;3770.0;1599174;235.74670423606187;66.4;9.025;0.4200
Illinois;2009;81.43;13.2;50987.0;12965589;393.2486214085608;87.8;9.967;0.4700
Indiana;2009;82.13;16.1;20357.0;6434990;316.34858795429363;70.8;10.158;0.4300
Iowa;2009;86.1;10.7;8325.0;3033600;274.4264240506329;61.1;6.467;0.4300
Kansas;2009;86.02;13.7;10879.0;2900426;375.0828326597541;71.4;7.042;0.4400
Kentucky;2009;74.12;17.0;10870.0;4350981;249.82871678823696;55.8;10.625;0.4600
Louisiana;2009;74.81;14.3;26781.0;4574351;585.4601013345937;72.6;6.708;0.4700
Maine;2009;85.37;11.4;1596.0;1358268;117.50258417337372;40.2;8.3;0.4300
Maryland;2009;83.83;9.6;33625.0;5870524;572.7768083394259;86.1;7.133;0.4500
Massachusetts;2009;84.76;10.8;30334.0;6604959;459.2609885996264;91.4;8.15;0.4700
Michigan;2009;83.41;14.0;49387.0;10345739;477.36560916528055;74.7;13.483;0.4500
Minnesota;2009;87.95;11.1;13245.0;5461876;242.4990973797281;70.9;7.7;0.4400
Mississippi;2009;72.86;23.1;6983.0;2953221;236.45368903986528;48.8;9.242;0.4700
Missouri;2009;81.32;15.5;29451.0;6031658;488.2737051736023;69.4;9.092;0.4500
Montana;2009;87.15;13.5;2781.0;1038840;267.7024373339494;54.1;7.1;0.4300
Nebraska;2009;86.58;9.9;5041.0;1859286;271.12558261612253;69.8;4.633;0.4400
Nevada;2009;80.66;13.0;18636.0;2649704;703.323842965101;91.5;11.075;0.4300
New Hampshire;2009;87.41;7.8;1967.0;1379703;142.56691476353967;59.3;6.05;0.4300
New Jersey;2009;82.07;9.3;27104.0;8761163;309.3653205630348;94.4;8.833;0.4700
New Mexico;2009;78.85;19.3;12217.0;2016615;605.8171738284204;75.0;7.05;0.4500
New York;2009;79.06;15.8;74973.0;21490710;348.8623689026561;87.5;8.383;0.5000
North Carolina;2009;78.14;16.9;36545.0;9421855;387.8747868652192;60.2;10.792;0.4600
North Dakota;2009;83.86;10.9;1443.0;664127;217.27771947232984;55.9;3.875;0.4500
Ohio;2009;82.97;13.3;36669.0;11775714;311.39513069016454;77.4;10.217;0.4500
Oklahoma;2009;80.61;12.9;18536.0;3746223;494.7916875210045;65.3;6.517;0.4600
Oregon;2009;85.13;13.4;9914.0;3880842;255.4600264581758;78.7;10.633;0.4400
Pennsylvania;2009;81.9;11.1;47970.0;13188116;363.73656403992806;77.1;8.017;0.4600
Rhode Island;2009;77.96;13.0;2678.0;1059442;252.774573785068;90.9;11.167;0.4600
South Carolina;2009;76.34;13.7;30673.0;4587263;668.6557975856191;60.5;10.967;0.4600
South Dakota;2009;84.57;14.1;1535.0;842057;182.2916975929183;51.9;4.6;0.4500
Tennessee;2009;75.92;16.5;41933.0;6312287;664.3075639621583;63.6;10.383;0.4700
Texas;2009;75.65;17.3;121594.0;24855177;489.2099541274641;82.5;7.592;0.4700
Utah;2009;87.73;9.7;5947.0;2893460;205.5324766888085;88.2;7.625;0.4100
Vermont;2009;86.42;9.4;832.0;631334;131.78444373342796;38.2;6.517;0.4300
Virginia;2009;81.47;10.7;18130.0;7889510;229.79880879801152;73.0;6.767;0.4600
Washington;2009;87.08;11.7;21880.0;6696694;326.7283826915192;82.0;9.042;0.4400
West Virginia;2009;75.21;15.8;5053.0;1832215;275.78641152921466;46.1;7.975;0.4600
Wisconsin;2009;85.09;10.8;14599.0;5726929;254.91847375792503;68.3;8.833;0.4300
Wyoming;2009;87.86;9.2;1183.0;551287;214.5887713659129;65.1;6.283;0.4200
Alabama;2010;81.83;17.2;15744.0;4792630;328.50439111719453;59.0;10.375;0.4700
Alaska;2010;89.6;12.5;4512.0;711456;634.1924166779112;66.0;7.992;0.4200
Arizona;2010;84.91;18.8;25809.0;6404623;402.974538860445;89.8;10.358;0.4600
Arkansas;2010;82.48;15.3;14224.0;2941161;483.61854383354057;56.2;7.833;0.4600
California;2010;80.98;16.3;164064.0;37346022;439.3078331073655;95.0;12.317;0.4700
Colorado;2010;89.04;12.3;16634.0;5067746;328.2327093741478;86.2;9.142;0.4600
Connecticut;2010;88.28;8.6;10082.0;3665941;275.018064938852;88.0;9.492;0.4900
Delaware;2010;86.74;12.2;5607.0;914390;613.1956823674799;83.3;8.3;0.4400
District of Columbia;2010;87.49;19.5;8026.0;601723;1333.8363333294556;100.0;9.775;0.5300
Florida;2010;84.98;16.0;101909.0;18910325;538.9066554911141;91.2;11.25;0.4700
Georgia;2010;83.61;18.8;37814.0;9752532;387.7352055855853;75.1;10.383;0.4700
Hawaii;2010;90.28;12.4;3603.0;1479842;243.47193822043164;91.9;6.7;0.4300
Idaho;2010;87.75;13.8;3446.0;1622423;212.39836959905028;70.6;9.125;0.4300
Illinois;2010;86.63;14.1;55870.0;12888247;433.4957267656338;88.5;10.392;0.4700
Indiana;2010;86.08;16.3;19991.0;6494899;307.79539450882913;72.4;9.975;0.4400
Iowa;2010;90.11;10.3;7957.0;3072601;258.9662634360921;64.0;6.092;0.4300
Kansas;2010;88.68;14.5;10461.0;2937014;356.1780774623478;74.2;6.942;0.4500
Kentucky;2010;82.06;17.7;10321.0;4376436;235.83116490221724;58.4;10.283;0.4700
Louisiana;2010;81.35;21.5;24148.0;4607610;524.0894954217046;73.2;7.433;0.4800
Maine;2010;89.92;12.6;1622.0;1370677;118.33568375335692;38.7;8.35;0.4400
Maryland;2010;87.81;10.9;31607.0;5949764;531.231154714708;87.2;7.767;0.4400
Massachusetts;2010;88.98;10.9;30595.0;6559003;466.45808821859055;92.0;8.1;0.4800
Michigan;2010;88.21;15.7;48155.0;10307062;467.2039423067408;74.6;12.742;0.4500
Minnesota;2010;91.16;10.8;12819.0;5507486;232.75592529876607;73.3;7.367;0.4400
Mississippi;2010;80.82;22.5;6649.0;2968683;223.97137046966617;49.4;10.125;0.4700
Missouri;2010;86.48;15.0;27278.0;6031691;452.2446524531844;70.4;9.417;0.4600
Montana;2010;90.77;14.5;2682.0;1055270;254.1529655917443;55.9;7.15;0.4400
Nebraska;2010;89.88;10.2;4969.0;1891354;262.7218384289773;73.1;4.642;0.4300
Nevada;2010;83.89;16.6;18126.0;2707228;669.5409474192791;94.2;13.25;0.4500
New Hampshire;2010;91.44;6.5;2079.0;1372270;151.50079794792572;60.3;6.058;0.4300
New Jersey;2010;87.85;11.1;27012.0;8852833;305.1226652530325;94.7;9.667;0.4600
New Mexico;2010;82.55;18.3;11992.0;2062883;581.3223532308909;77.4;7.817;0.4600
New York;2010;84.9;16.0;75797.0;21307462;355.72983774416684;87.9;8.733;0.5000
North Carolina;2010;84.31;17.4;32449.0;9580821;338.68704988852204;66.1;10.8;0.4600
North Dakota;2010;90.49;12.6;1506.0;691502;217.78678875838392;59.9;3.658;0.4300
Ohio;2010;87.52;15.4;34363.0;11759004;292.2271308012141;77.9;9.992;0.4500
Oklahoma;2010;85.57;16.3;17994.0;3815410;471.6137977307813;66.2;6.442;0.4500
Oregon;2010;88.73;14.3;9549.0;3889074;245.53402686603548;81.0;10.558;0.4500
Pennsylvania;2010;88.16;12.2;46302.0;13292628;348.3284118084099;78.7;8.117;0.4600
Rhode Island;2010;84.32;14.0;2709.0;1058992;255.8092978983788;90.7;11.617;0.4700
South Carolina;2010;83.59;16.9;28027.0;4649536;602.791332296384;66.3;11.083;0.4600
South Dakota;2010;88.51;13.6;2007.0;844743;237.58705310372503;56.7;4.858;0.4400
Tennessee;2010;83.59;16.7;38895.0;6357852;611.7632181434863;66.4;9.8;0.4700
Texas;2010;80.6;18.4;113086.0;25218692;448.4213534944635;84.7;8.25;0.4700
Utah;2010;89.76;10.0;5865.0;2864017;204.78230401565355;90.6;8.258;0.4200
Vermont;2010;91.0;10.8;807.0;635311;127.02440222190393;38.9;6.208;0.4400
Virginia;2010;86.59;10.7;17178.0;8007795;214.51598099102185;75.5;6.808;0.4600
Washington;2010;88.84;11.6;20959.0;6762781;309.91688182716547;84.1;9.992;0.4400
West Virginia;2010;83.27;16.8;4773.0;1866447;255.72652210322607;48.7;8.4;0.4500
Wisconsin;2010;89.67;10.1;14074.0;5774410;243.73052831371515;70.2;8.417;0.4300
Wyoming;2010;91.17;9.6;1107.0;570473;194.04949927516287;64.8;6.875;0.4200
Alabama;2011;82.65;15.4;19666.0;4815348;408.4024664468695;59.0;9.558;0.4700
Alaska;2011;90.3;11.7;4392.0;725910;605.0336818613878;66.0;7.608;0.4100
Arizona;2011;85.07;17.2;26720.0;6501532;410.98005823858136;89.8;9.5;0.4600
Arkansas;2011;83.89;18.7;13986.0;2963414;471.9556565501816;56.2;7.883;0.4700
California;2011;81.53;16.9;154868.0;37819249;409.495175327252;95.0;11.733;0.4800
Colorado;2011;89.41;13.2;15911.0;5155993;308.5923506878307;86.2;8.692;0.4600
Connecticut;2011;88.67;10.1;9889.0;3672721;269.25541036196324;88.0;9.008;0.4900
Delaware;2011;86.58;13.7;5144.0;923759;556.8551970806238;83.3;7.433;0.4400
District of Columbia;2011;87.5;19.9;7433.0;617996;1202.7585939067567;100.0;10.083;0.5300
Florida;2011;85.47;14.9;98171.0;19173658;512.0097583883054;91.2;10.183;0.4800
Georgia;2011;83.63;18.4;35933.0;9880945;363.6595487577352;75.1;10.033;0.4800
Hawaii;2011;90.51;12.1;3465.0;1495625;231.6757208524864;91.9;6.708;0.4300
Idaho;2011;86.94;15.7;3171.0;1640433;193.30262192969784;70.6;8.442;0.4300
Illinois;2011;86.93;14.2;53579.0;12923112;414.5982794237177;88.5;9.767;0.4700
Indiana;2011;86.53;15.6;20177.0;6528075;309.0803950628631;72.4;8.908;0.4500
Iowa;2011;90.23;10.4;7645.0;3088691;247.5158570410572;64.0;5.583;0.4300
Kansas;2011;89.49;14.3;10068.0;2955412;340.6631630378438;74.2;6.35;0.4400
Kentucky;2011;83.24;16.0;10350.0;4407173;234.8444229441413;58.4;9.375;0.4700
Louisiana;2011;82.08;21.1;23905.0;4648451;514.2573300224096;73.2;7.342;0.4800
Maine;2011;90.64;13.4;1637.0;1370501;119.4453707075004;38.7;7.775;0.4500
Maryland;2011;88.9;9.3;28800.0;6006169;479.506986899636;87.2;7.283;0.4500
Massachusetts;2011;89.12;10.6;27725.0;6598979;420.1407520769501;92.0;7.233;0.4800
Michigan;2011;88.29;15.0;43556.0;10359533;420.4436628562311;74.6;10.142;0.4600
Minnesota;2011;91.39;10.0;12261.0;5553912;220.7633106178132;73.3;6.575;0.4400
Mississippi;2011;81.07;17.4;6303.0;2979903;211.5169520618624;49.4;9.8;0.4700
Missouri;2011;87.24;15.4;26871.0;6053701;443.8772248579836;70.4;8.575;0.4600
Montana;2011;91.72;16.5;2717.0;1064639;255.20387661921083;55.9;6.625;0.4400
Nebraska;2011;90.52;10.2;4564.0;1908232;239.1742723107044;73.1;4.367;0.4500
Nevada;2011;83.38;15.5;14869.0;2730056;544.6408425321679;94.2;12.983;0.4500
New Hampshire;2011;91.11;7.6;2352.0;1371698;171.46631401372605;60.3;5.492;0.4300
New Jersey;2011;87.97;11.4;27118.0;8878183;305.44538223643286;94.7;9.4;0.4700
New Mexico;2011;82.57;22.2;11740.0;2085969;562.807980367877;77.4;7.217;0.4800
New York;2011;85.03;16.0;77301.0;21413705;360.98844174793663;87.9;8.358;0.5000
North Carolina;2011;84.48;15.4;32432.0;9699207;334.3778517150938;66.1;10.35;0.4700
North Dakota;2011;90.7;9.9;1641.0;703813;233.1585236419333;59.9;3.342;0.4400
Ohio;2011;87.8;15.1;33618.0;11753515;286.025074201207;77.9;8.758;0.4600
Oklahoma;2011;85.62;13.9;17312.0;3854076;449.1867830317824;66.2;5.567;0.4600
Oregon;2011;88.81;14.4;9584.0;3933412;243.656143826276;81.0;9.458;0.4600
Pennsylvania;2011;88.33;12.6;45990.0;13333505;344.920559147801;78.7;7.7;0.4600
Rhode Island;2011;85.32;13.4;2586.0;1057719;244.4883754569976;90.7;11.1;0.4700
South Carolina;2011;83.88;19.0;27814.0;4704025;591.2808711688394;66.3;10.358;0.4600
South Dakota;2011;89.62;14.5;1967.0;857332;229.4327051830563;56.7;4.558;0.4300
Tennessee;2011;84.45;16.3;38921.0;6417953;606.4394675373909;66.4;9.042;0.4800
Texas;2011;81.04;17.4;104643.0;25756300;406.28118169146967;84.7;8.033;0.4800
Utah;2011;89.89;11.0;5485.0;2947790;186.0715994015856;90.6;7.217;0.4200
Vermont;2011;91.77;11.6;914.0;636012;143.70798035257198;38.9;5.4;0.4300
Virginia;2011;87.79;11.4;16009.0;8103947;197.5457144524761;75.5;6.283;0.4600
Washington;2011;90.01;12.5;19943.0;6868877;290.3385808189606;84.1;9.433;0.4400
West Virginia;2011;84.19;17.5;4909.0;1868831;262.6775775872725;48.7;7.708;0.4700
Wisconsin;2011;89.93;13.1;14152.0;5802912;243.8775566474212;70.2;7.55;0.4400
Wyoming;2011;91.36;10.7;1226.0;575060;213.19514485445;64.8;6.067;0.4100
Alabama;2012;83.89;16.2;21148.0;4834334;437.454259469867;59.0;8.175;0.4700
Alaska;2012;91.89;10.0;4387.0;735190;596.7164950556999;66.0;7.133;0.4200
Arizona;2012;85.26;19.0;27691.0;6572455;421.3189744167134;89.8;8.392;0.4600
Arkansas;2012;84.81;20.1;13656.0;2981157;458.0771827850731;56.2;7.258;0.4600
California;2012;82.03;15.9;160884.0;38183375;421.3456772744682;95.0;10.392;0.4800
Colorado;2012;89.88;11.9;15748.0;5227884;301.2308612815433;86.2;7.992;0.4600
Connecticut;2012;89.62;10.3;10209.0;3682267;277.24768464644194;88.0;8.383;0.4900
Delaware;2012;88.42;13.5;5048.0;933909;540.5237555265021;83.3;6.958;0.4400
District of Columbia;2012;88.6;18.4;7866.0;632323;1243.984482614107;100.0;8.958;0.5300
Florida;2012;86.17;15.3;93961.0;19434305;483.4801141589576;91.2;8.675;0.4800
Georgia;2012;84.55;18.1;37066.0;9986384;371.1653787797465;75.1;9.042;0.4800
Hawaii;2012;90.56;13.8;3378.0;1514307;223.0723360586724;91.9;5.808;0.4300
Idaho;2012;89.74;14.4;3344.0;1651515;202.48075252117;70.6;7.525;0.4300
Illinois;2012;87.38;12.6;51873.0;12934012;401.058851654073;88.5;9.033;0.4700
Indiana;2012;87.52;15.2;21368.0;6548541;326.3016907124809;72.4;8.217;0.4400
Iowa;2012;91.19;10.3;7788.0;3098112;251.37890431333665;64.0;5.008;0.4300
Kansas;2012;89.63;14.0;10248.0;2971399;344.8880476839361;74.2;5.683;0.4500
Kentucky;2012;84.03;17.9;9672.0;4413259;219.15776980231607;58.4;8.192;0.4700
Louisiana;2012;82.6;21.1;21802.0;4674734;466.3794774205334;73.2;6.717;0.4900
Maine;2012;91.26;12.8;1626.0;1373153;118.413607223667;38.7;7.208;0.4500
Maryland;2012;88.92;9.9;28085.0;6067471;462.8781909299608;87.2;6.867;0.4500
Massachusetts;2012;89.69;11.3;26586.0;6657600;399.33309300648887;92.0;6.7;0.4800
Michigan;2012;88.78;13.7;44491.0;10366035;429.1997856461029;74.6;9.067;0.4600
Minnesota;2012;91.85;10.0;12744.0;5591233;227.9282584002491;73.3;5.658;0.4400
Mississippi;2012;82.27;22.0;6073.0;2986296;203.3622922844889;49.4;8.825;0.4900
Missouri;2012;87.77;15.2;27140.0;6064498;447.52261440270905;70.4;7.142;0.4600
Montana;2012;87.44;13.4;2773.0;1071788;258.7265392036485;55.9;5.783;0.4500
Nebraska;2012;90.1;12.2;4692.0;1924282;243.83120561331447;73.1;3.917;0.4300
Nevada;2012;84.17;15.8;16762.0;2765739;606.058633876877;94.2;11.533;0.4500
New Hampshire;2012;91.54;8.1;2304.0;1372484;167.87080942291496;60.3;5.475;0.4300
New Jersey;2012;88.3;9.3;25686.0;8925939;287.7680432277209;94.7;9.45;0.4700
New Mexico;2012;84.31;20.4;11392.0;2089244;545.2690063965721;77.4;6.95;0.4700
New York;2012;85.52;17.2;79315.0;21525230;368.4745761137047;87.9;8.65;0.5000
North Carolina;2012;84.94;17.2;33748.0;9794736;344.5524208105252;66.1;9.6;0.4700
North Dakota;2012;91.62;11.4;1691.0;724363;233.44649022658527;59.9;2.942;0.4600
Ohio;2012;88.36;15.4;33412.0;11695268;285.6881945757891;77.9;7.392;0.4600
Oklahoma;2012;86.66;18.0;18061.0;3877002;465.8496436163819;66.2;5.075;0.4600
Oregon;2012;89.61;13.5;9547.0;3961014;241.0241417980345;81.0;8.708;0.4600
Pennsylvania;2012;88.68;13.9;45364.0;13468600;336.81303179246544;78.7;7.583;0.4600
Rhode Island;2012;86.45;13.6;2657.0;1056691;251.44531371990487;90.7;10.3;0.4600
South Carolina;2012;84.77;16.7;26342.0;4750466;554.5140203087444;66.3;9.033;0.4700
South Dakota;2012;90.4;12.8;2569.0;865800;296.7197967197967;56.7;4.017;0.4300
Tennessee;2012;85.39;18.6;41129.0;6472025;635.4888925799885;66.4;7.925;0.4700
Texas;2012;81.51;17.0;106318.0;26143479;406.6712008757518;84.7;6.708;0.4800
Utah;2012;90.39;11.0;5790.0;3054116;189.58022550551453;90.6;4.758;0.4200
Vermont;2012;91.47;11.2;875.0;635566;137.6725627236196;38.9;4.783;0.4400
Virginia;2012;87.98;10.6;15660.0;8193139;191.1355342561624;75.5;5.817;0.4700
Washington;2012;89.64;11.6;20226.0;6937277;291.55531774210544;84.1;8.442;0.4500
West Virginia;2012;84.71;16.7;5419.0;1868841;289.965813035994;48.7;7.2;0.4600
Wisconsin;2012;90.28;11.4;16083.0;5824355;276.1335804565484;70.2;6.917;0.4400
Wyoming;2012;91.6;9.6;1127.0;584176;192.9213113856098;64.8;5.442;0.4200
Alabama;2013;84.23;18.5;19725.0;4845981;407.0383272241472;59.0;7.358;0.4800
Alaska;2013;89.78;9.7;4681.0;739005;633.4192596802457;66.0;6.925;0.4100
Arizona;2013;85.39;17.8;26439.0;6646289;397.8009382378648;89.8;7.842;0.4700
Arkansas;2013;84.63;13.9;13111.0;2984729;439.2693608029406;56.2;7.042;0.4700
California;2013;82.31;15.1;151851.0;38498377;394.43480955054287;95.0;9.025;0.4900
Colorado;2013;89.7;10.7;15887.0;5308236;299.28963218666235;86.2;6.725;0.4600
Connecticut;2013;89.38;10.9;9337.0;3687931;253.17718796799616;88.0;7.95;0.5000
Delaware;2013;86.99;11.2;4633.0;941932;491.8614082545237;83.3;6.533;0.4500
District of Columbia;2013;89.9;23.2;8415.0;646449;1301.7268183569006;100.0;8.417;0.5300
Florida;2013;86.39;14.8;91692.0;19672665;466.0883515273604;91.2;7.517;0.4800
Georgia;2013;85.02;18.5;35841.0;10059139;356.30286051321093;75.1;8.133;0.4800
Hawaii;2013;91.04;10.6;2235.0;1527273;146.33925958227508;91.9;4.717;0.4400
Idaho;2013;88.97;12.4;3436.0;1668485;205.93532456090404;70.6;6.9;0.4400
Illinois;2013;87.62;13.6;50086.0;12940590;387.0457220265846;88.5;9.075;0.4800
Indiana;2013;86.97;16.5;21872.0;6582010;332.2997078400063;72.4;7.508;0.4600
Iowa;2013;91.55;13.2;8064.0;3114347;258.9306843457072;64.0;4.725;0.4400
Kansas;2013;90.05;11.4;9687.0;2982300;324.8164168594709;74.2;5.317;0.4600
Kentucky;2013;84.28;22.0;9217.0;4430595;208.0307498202837;58.4;7.917;0.4700
Louisiana;2013;82.58;21.2;22899.0;4697384;487.4840975317325;73.2;6.375;0.4900
Maine;2013;91.43;11.4;1666.0;1374487;121.20885828676444;38.7;6.683;0.4500
Maryland;2013;89.0;10.5;27155.0;6114548;444.1047809257528;87.2;6.567;0.4600
Massachusetts;2013;89.82;12.1;26765.0;6704173;399.2289578446141;92.0;6.658;0.4800
Michigan;2013;88.95;12.7;44037.0;10384874;424.0494395984005;74.6;8.733;0.4600
Minnesota;2013;91.76;11.0;12695.0;5648628;224.7448406940588;73.3;5.042;0.4500
Mississippi;2013;82.23;19.1;5564.0;2992553;185.9282024411932;49.4;8.492;0.4800
Missouri;2013;88.48;17.5;26200.0;6092552;430.0332602823906;70.4;6.758;0.4600
Montana;2013;92.69;10.5;2842.0;1078577;263.4953276400294;55.9;5.3;0.4600
Nebraska;2013;89.82;10.5;4680.0;1936716;241.6461680494197;73.1;3.717;0.4400
Nevada;2013;84.54;14.5;16346.0;2796911;584.4304663251709;94.2;9.967;0.4500
New Hampshire;2013;92.41;5.5;2626.0;1372706;191.3009777767417;60.3;5.25;0.4400
New Jersey;2013;88.4;9.9;25312.0;8974455;282.04498211869134;94.7;8.417;0.4800
New Mexico;2013;83.88;25.8;11274.0;2090974;539.1745664938924;77.4;6.9;0.4800
New York;2013;85.76;17.3;76363.0;21600460;353.5248786368439;87.9;7.817;0.5100
North Carolina;2013;85.49;14.7;31490.0;9888625;318.4467001226156;66.1;7.775;0.4800
North Dakota;2013;91.38;13.2;1951.0;747626;260.95935668368946;59.9;2.892;0.4600
Ohio;2013;88.55;14.9;32008.0;11692534;273.7473331272759;77.9;7.383;0.4700
Oklahoma;2013;86.07;21.2;16664.0;3912634;425.90234609217214;66.2;5.117;0.4600
Oregon;2013;89.28;14.0;9032.0;3994787;226.0946578628597;81.0;7.75;0.4600
Pennsylvania;2013;88.96;11.2;42731.0;13471387;317.19822168274135;78.7;7.05;0.4700
Rhode Island;2013;86.48;9.3;2710.0;1058087;256.12260617510657;90.7;9.483;0.4800
South Carolina;2013;85.29;19.3;24083.0;4800816;501.6438872058417;66.3;7.425;0.4700
South Dakota;2013;90.66;13.3;2623.0;881153;297.6781557799837;56.7;3.7;0.4400
Tennessee;2013;85.79;15.5;37890.0;6509570;582.0660965317218;66.4;7.625;0.4800
Texas;2013;82.04;16.9;105893.0;26533703;399.0886609381284;84.7;6.317;0.4800
Utah;2013;90.68;12.2;6537.0;3102834;210.678366938096;90.6;4.192;0.4300
Vermont;2013;91.38;6.8;770.0;636093;121.0514814657605;38.9;4.417;0.4500
Virginia;2013;88.41;9.8;16343.0;8267614;197.6749277361038;75.5;5.525;0.4700
Washington;2013;89.35;12.2;19856.0;7011381;283.1967054707197;84.1;6.625;0.4600
West Virginia;2013;84.7;19.8;4755.0;1867615;254.6027955440495;48.7;6.708;0.4600
Wisconsin;2013;90.9;13.5;15697.0;5844023;268.5992166697496;70.2;6.667;0.4400
Wyoming;2013;92.71;11.4;1121.0;590427;189.86259097229632;64.8;4.717;0.4200
Alabama;2014;84.6;17.8;19603.0;4861676;403.2148584150816;59.0;6.767;0.4800
Alaska;2014;91.76;11.9;4656.0;740644;628.642100658346;66.0;6.742;0.4200
Arizona;2014;85.69;21.2;25838.0;6751280;382.71261153440537;89.8;6.817;0.4700
Arkansas;2014;85.36;18.4;13295.0;2996166;443.7337584099145;56.2;5.875;0.4700
California;2014;82.76;15.8;151562.0;38970399;388.9156998366889;95.0;7.567;0.4900
Colorado;2014;90.09;12.3;16295.0;5402555;301.6165499472009;86.2;4.95;0.4600
Connecticut;2014;89.86;8.6;8575.0;3688552;232.47605022241788;88.0;6.617;0.5000
Delaware;2014;88.46;11.0;4568.0;951985;479.83949326932674;83.3;5.617;0.4500
District of Columbia;2014;89.92;19.0;8199.0;658893;1244.3598581256745;100.0;7.717;0.5200
Florida;2014;86.78;16.7;91065.0;20007473;455.1549313598973;91.2;6.442;0.4800
Georgia;2014;85.26;16.8;37363.0;10166148;367.5236677648211;75.1;7.15;0.4800
Hawaii;2014;91.68;10.8;1770.0;1543705;114.65921273818508;91.9;4.225;0.4300
Idaho;2014;89.55;12.4;3415.0;1691496;201.8922894290025;70.6;4.408;0.4500
Illinois;2014;88.07;13.7;46838.0;12938060;362.0171803191514;88.5;7.158;0.4800
Indiana;2014;87.68;14.6;22042.0;6607982;333.56628392752884;72.4;5.95;0.4500
Iowa;2014;91.73;10.3;8226.0;3131021;262.72580094480367;64.0;4.258;0.4400
Kansas;2014;89.89;12.1;9721.0;2998407;324.2054864466365;74.2;4.525;0.4600
Kentucky;2014;84.78;20.0;9459.0;4450843;212.52153805470115;58.4;6.442;0.4700
Louisiana;2014;83.22;23.1;24037.0;4733799;507.7739887139272;73.2;6.242;0.4900
Maine;2014;91.66;14.6;1604.0;1376141;116.55782365324484;38.7;5.575;0.4600
Maryland;2014;89.38;9.8;26053.0;6167060;422.45413535785286;87.2;5.733;0.4500
Massachusetts;2014;89.71;13.6;25985.0;6756717;384.5802628702667;92.0;5.758;0.4900
Michigan;2014;89.51;14.8;42196.0;10410762;405.311349928084;74.6;7.225;0.4600
Minnesota;2014;92.05;8.3;12485.0;5688135;219.49197759898453;73.3;4.242;0.4500
Mississippi;2014;82.7;22.1;5263.0;2995404;175.70250957800684;49.4;7.6;0.4800
Missouri;2014;88.87;10.4;26850.0;6112392;439.2715650436032;70.4;6.167;0.4600
Montana;2014;89.08;12.0;3240.0;1087522;297.9250074941013;55.9;4.642;0.4500
Nebraska;2014;90.18;11.8;4918.0;1952916;251.82854766922893;73.1;3.233;0.4400
Nevada;2014;85.06;17.0;18031.0;2845845;633.590374739313;94.2;8.2;0.4400
New Hampshire;2014;91.76;7.2;2496.0;1376148;181.37584038926047;60.3;4.317;0.4400
New Jersey;2014;88.96;11.3;22970.0;8995276;255.35625588364385;94.7;6.683;0.4800
New Mexico;2014;83.87;20.0;11906.0;2091198;569.3387235450684;77.4;6.558;0.4800
New York;2014;85.89;14.0;75803.0;21699212;349.3352661838596;87.9;6.292;0.5100
North Carolina;2014;86.37;17.1;30285.0;9977797;303.52391414657967;66.1;6.117;0.4700
North Dakota;2014;90.15;9.7;1989.0;764102;260.3055612994077;59.9;2.667;0.4700
Ohio;2014;89.02;15.6;30886.0;11697114;264.0480378322379;77.9;5.817;0.4600
Oklahoma;2014;86.77;17.3;16039.0;3938416;407.2449431446551;66.2;4.342;0.4700
Oregon;2014;89.31;14.4;9335.0;4034781;231.36323879784305;81.0;6.642;0.4600
Pennsylvania;2014;89.23;12.5;40240.0;13489486;298.30639951737226;78.7;5.967;0.4700
Rhode Island;2014;86.22;11.3;2320.0;1061770;218.50306563568373;90.7;7.767;0.4800
South Carolina;2014;86.02;16.5;23740.0;4856207;488.85889748933687;66.3;6.3;0.4700
South Dakota;2014;90.66;12.8;2699.0;889873;303.3017070975297;56.7;3.342;0.4500
Tennessee;2014;85.96;17.3;39843.0;6563209;607.0658423341387;66.4;6.575;0.4800
Texas;2014;82.41;16.4;109238.0;27043226;403.93849461599;84.7;5.183;0.4800
Utah;2014;90.5;10.2;6234.0;3147155;198.0836660412341;90.6;3.625;0.4300
Vermont;2014;91.92;9.3;636.0;635974;100.00408821744286;38.9;3.908;0.4400
Virginia;2014;88.59;10.2;16500.0;8333504;197.9959450430455;75.5;5.067;0.4700
Washington;2014;89.71;12.0;19962.0;7106083;280.91425332352577;84.1;5.933;0.4500
West Virginia;2014;85.27;20.6;4796.0;1863569;257.3556439283976;48.7;6.492;0.4500
Wisconsin;2014;91.4;10.9;16325.0;5859379;278.6131431334276;70.2;5.367;0.4400
Wyoming;2014;92.01;9.7;1097.0;591789;185.3701234730622;64.8;4.358;0.4300
Alabama;2015;84.89;16.3;22117.0;4883134;452.9263378805497;59.0;6.083;0.4811
Alaska;2015;91.45;9.2;5365.0;743350;721.7326965763099;66.0;6.283;0.4322
Arizona;2015;85.69;17.2;29918.0;6848298;436.8676713542548;89.8;6.108;0.4702
Arkansas;2015;85.63;16.1;14877.0;2997795;496.2647545946271;56.2;4.95;0.4773
California;2015;82.9;13.9;166691.0;39315550;423.982368299566;95.0;6.217;0.4876
Colorado;2015;90.62;9.9;17280.0;5505856;313.84765602296903;86.2;3.7;0.4580
Connecticut;2015;90.08;9.1;7938.0;3682921;215.53544048324687;88.0;5.608;0.4916
Delaware;2015;88.54;11.1;4760.0;962461;494.5654940823576;83.3;4.808;0.4523
District of Columbia;2015;90.39;16.6;8538.0;672228;1270.1047858762206;100.0;6.883;0.5354
Florida;2015;87.16;16.2;93412.0;20388277;458.1652485886865;91.2;5.5;0.4872
Georgia;2015;85.77;18.1;36521.0;10475611;348.6288293828398;75.1;6.05;0.4801
Hawaii;2015;91.23;10.9;3530.0;1556738;226.7562043195451;91.9;3.417;0.4346
Idaho;2015;89.5;12.3;3575.0;1712771;208.7260935641717;70.6;3.908;0.4525
Illinois;2015;88.47;10.9;48850.0;12920809;378.0723018194913;88.5;5.992;0.4817
Indiana;2015;87.64;13.5;23112.0;6630731;348.5588542198439;72.4;4.8;0.4519
Iowa;2015;91.35;10.4;8488.0;3153349;269.1741383525896;64.0;3.717;0.4393
Kansas;2015;89.92;14.2;10857.0;3008206;360.912783233595;74.2;4.175;0.4596
Kentucky;2015;85.19;19.5;9881.0;4463784;221.35927724101344;58.4;5.25;0.4781
Louisiana;2015;84.44;18.6;24814.0;4806495;516.2597693329548;73.2;6.267;0.4909
Maine;2015;89.73;12.3;1642.0;1375892;119.34076221098748;38.7;4.392;0.4523
Maryland;2015;89.53;9.6;26532.0;6202009;427.7968638871694;87.2;5.033;0.4524
Massachusetts;2015;90.15;11.5;25836.0;6805699;379.6230188846142;92.0;4.8;0.4848
Michigan;2015;89.7;12.8;41453.0;10318255;401.74428718809526;74.6;5.417;0.4667
Minnesota;2015;92.08;7.8;13383.0;5717579;234.0676009898596;73.3;3.758;0.4492
Mississippi;2015;83.6;19.1;4924.0;2993652;164.4813759247902;49.4;6.45;0.4759
Missouri;2015;88.56;9.8;30224.0;6136017;492.56708382652783;70.4;5.1;0.4634
Montana;2015;92.29;11.9;3582.0;1099717;325.72016255091086;55.9;4.242;0.4623
Nebraska;2015;90.63;10.3;4925.0;1969182;250.1038502281658;73.1;2.975;0.4473
Nevada;2015;85.12;13.0;20144.0;2897487;695.2231364627348;94.2;6.867;0.4548
New Hampshire;2015;92.59;7.3;2582.0;1373366;188.00523676864;60.3;3.392;0.4347
New Jersey;2015;89.02;11.2;22592.0;9014923;250.6066884875223;94.7;5.692;0.4832
New Mexico;2015;84.25;19.7;12632.0;2090676;604.2064863230839;77.4;6.608;0.4795
New York;2015;86.26;14.2;75022.0;21755244;344.8455921707888;87.9;5.217;0.5138
North Carolina;2015;86.49;15.3;30348.0;10074032;301.2497875726422;66.1;5.658;0.4776
North Dakota;2015;92.06;10.7;1925.0;781773;246.23516033426583;59.9;2.775;0.4664
Ohio;2015;89.28;13.6;31134.0;11717241;265.71101507598934;77.9;4.958;0.4637
Oklahoma;2015;86.74;14.2;16593.0;3968524;418.11514810040205;66.2;4.283;0.4702
Oregon;2015;89.41;11.9;6355.0;4094023;155.22628964224188;81.0;5.458;0.4622
Pennsylvania;2015;89.45;12.3;40245.0;13513390;297.81572203569937;78.7;5.417;0.4685
Rhode Island;2015;87.74;11.8;2565.0;1062954;241.30865493709044;90.7;6.017;0.4732
South Carolina;2015;86.41;14.3;24025.0;4919429;488.3696868071477;66.3;5.9;0.4698
South Dakota;2015;90.4;13.9;3288.0;895557;367.1458098144507;56.7;3.025;0.4436
Tennessee;2015;86.53;14.7;40811.0;6617363;616.7260281776895;66.4;5.525;0.4789
Texas;2015;82.62;14.7;112877.0;27555914;409.6289457137949;84.7;4.467;0.4823
Utah;2015;90.81;9.3;7027.0;3203198;219.3745125964739;90.6;3.5;0.4252
Vermont;2015;91.69;10.7;764.0;637832;119.78075731540594;38.9;3.475;0.4452
Virginia;2015;89.01;10.9;16698.0;8390177;199.0184474058176;75.5;4.375;0.4681
Washington;2015;90.24;11.4;20275.0;7216688;280.9460517068217;84.1;5.442;0.4561
West Virginia;2015;86.27;14.5;5298.0;1857282;285.2555508533438;48.7;6.542;0.4581
Wisconsin;2015;91.09;11.4;17080.0;5876441;290.6521140942281;70.2;4.417;0.4410
Wyoming;2015;92.09;9.8;1251.0;595889;209.9384281300712;64.8;4.25;0.4374
Alabama;2016;85.12;16.2;25134.0;4887395;514.2616874633625;59.0;5.8;0.4847
Alaska;2016;92.14;12.6;5941.0;747188;795.1144825666365;66.0;6.625;0.4081
Arizona;2016;86.67;16.1;31812.0;6951468;457.6299567228102;89.8;5.5;0.4713
Arkansas;2016;85.98;16.0;15899.0;3005677;528.9656872644665;56.2;3.975;0.4719
California;2016;83.15;13.9;174736.0;39421283;443.25295044303857;95.0;5.517;0.4899
Colorado;2016;90.89;8.5;18894.0;5590124;337.9889247537264;86.2;3.117;0.4586
Connecticut;2016;90.51;9.8;8168.0;3653221;223.5835171209188;88.0;4.875;0.4945
Delaware;2016;88.6;11.6;4859.0;968738;501.5804066734246;83.3;4.533;0.4522
District of Columbia;2016;90.53;16.3;8236.0;681170;1209.0961140390798;100.0;6.233;0.5420
Florida;2016;87.09;13.0;88501.0;20750677;426.4969282688946;91.2;4.908;0.4852
Georgia;2016;86.06;15.4;39299.0;10572283;371.71725350144334;75.1;5.45;0.4813
Hawaii;2016;92.08;9.3;3452.0;1554673;222.0402618428441;91.9;2.908;0.4420
Idaho;2016;90.09;11.1;3840.0;1741411;220.51083862454067;70.6;3.708;0.4503
Illinois;2016;88.7;12.1;54814.0;12862656;426.1483786863304;88.5;5.883;0.4810
Indiana;2016;87.83;11.8;24095.0;6644024;362.6567273086311;72.4;4.392;0.4527
Iowa;2016;91.4;9.8;9012.0;3165023;284.73726731211747;64.0;3.6;0.4451
Kansas;2016;90.09;11.2;9879.0;3002811;328.9917347445444;74.2;4.05;0.4550
Kentucky;2016;85.81;15.2;10452.0;4478739;233.3692586239117;58.4;5.075;0.4813
Louisiana;2016;84.17;20.2;26136.0;4817513;542.5205910186438;73.2;6.042;0.4990
Maine;2016;91.9;12.7;1647.0;1382833;119.1033190558802;38.7;3.792;0.4519
Maryland;2016;89.89;7.1;28769.0;6213545;463.0046133085058;87.2;4.25;0.4499
Massachusetts;2016;90.23;9.6;25429.0;6824031;372.6389871323855;92.0;4.017;0.4786
Michigan;2016;89.92;11.1;45512.0;10327259;440.6977688852386;74.6;4.992;0.4695
Minnesota;2016;92.33;8.7;13268.0;5835395;227.3710691392785;73.3;3.867;0.4496
Mississippi;2016;84.2;21.1;5034.0;2990046;168.35861388085667;49.4;5.992;0.4828
Missouri;2016;89.22;13.0;31668.0;6172424;513.056134834548;70.4;4.575;0.4646
Montana;2016;92.75;11.7;3873.0;1101927;351.4751884652976;55.9;4.267;0.4667
Nebraska;2016;90.73;9.6;5373.0;1977033;271.77088091094083;73.1;3.108;0.4477
Nevada;2016;85.66;10.1;19875.0;2946513;674.5261263059081;94.2;5.833;0.4577
New Hampshire;2016;92.42;6.4;2562.0;1368384;187.2281464851972;60.3;2.892;0.4304
New Jersey;2016;89.22;9.4;21855.0;9005202;242.69305674653384;94.7;4.933;0.4813
New Mexico;2016;85.36;17.8;13802.0;2086535;661.4794383990683;77.4;6.783;0.4769
New York;2016;86.54;11.9;74123.0;21702264;341.5450111564397;87.9;4.875;0.5129
North Carolina;2016;87.14;13.6;32644.0;10180571;320.6499910466711;66.1;5.1;0.4780
North Dakota;2016;92.49;11.1;1904.0;783900;242.8881234851384;59.9;3.017;0.4533
Ohio;2016;89.56;13.7;33891.0;11718158;289.2178105125396;77.9;5.058;0.4680
Oklahoma;2016;87.3;14.6;17722.0;3975771;445.7500193044318;66.2;4.65;0.4645
Oregon;2016;89.96;11.8;10594.0;4172382;253.90771985882404;81.0;4.75;0.4583
Pennsylvania;2016;89.85;11.1;40276.0;13501534;298.30684424451323;78.7;5.333;0.4689
Rhode Island;2016;88.55;11.4;2529.0;1063042;237.90217131590285;90.7;5.242;0.4781
South Carolina;2016;86.58;14.1;24974.0;4984808;501.00224522188216;66.3;4.9;0.4735
South Dakota;2016;90.5;14.5;3491.0;903858;386.2332357516336;56.7;3.0;0.4495
Tennessee;2016;87.16;14.9;42674.0;6669183;639.8684816416044;66.4;4.742;0.4790
Texas;2016;83.17;13.8;120540.0;27948471;431.2937190732187;84.7;4.667;0.4800
Utah;2016;91.06;8.6;7299.0;3260682;223.8488757873353;90.6;3.333;0.4263
Vermont;2016;91.9;9.6;802.0;637427;125.81832900081108;38.9;3.125;0.4539
Virginia;2016;89.31;11.4;18429.0;8420092;218.869342520248;75.5;4.0;0.4705
Washington;2016;90.1;11.0;21892.0;7331183;298.6148347408597;84.1;5.192;0.4591
West Virginia;2016;86.17;18.0;5938.0;1844195;321.9833043685728;48.7;6.075;0.4711
Wisconsin;2016;91.57;10.7;17464.0;5888427;296.5817526480332;70.2;3.933;0.4498
Wyoming;2016;92.09;10.9;1362.0;595148;228.8506388326937;64.8;5.275;0.4360
Alabama;2017;86.5;15.0;23964.0;4894285;489.6322956264296;59.0;4.508;0.4768
Alaska;2017;90.92;14.4;6320.0;744849;848.4941243124446;66.0;6.608;0.4241
Arizona;2017;87.15;13.2;35764.0;7037119;508.2193437399595;89.8;4.958;0.4668
Arkansas;2017;86.7;14.8;16310.0;3021597;539.7807847969137;56.2;3.742;0.4725
California;2017;84.07;12.4;178573.0;39713887;449.6487588837628;95.0;4.833;0.4866
Colorado;2017;91.25;7.7;20827.0;5662274;367.8204198525186;86.2;2.617;0.4553
Connecticut;2017;90.28;10.9;8186.0;3645220;224.56806447896147;88.0;4.408;0.4943
Delaware;2017;90.57;9.2;4372.0;978771;446.6826254558012;83.3;4.4;0.4811
District of Columbia;2017;90.2;13.6;6975.0;693972;1005.0837785962548;100.0;6.108;0.5281
Florida;2017;88.02;13.7;85563.0;21124801;405.0357681475911;91.2;4.283;0.4859
Georgia;2017;86.7;13.3;32262.0;10692796;301.7171561114605;75.1;4.758;0.4830
Hawaii;2017;92.43;10.3;3577.0;1427538;250.5712632518364;91.9;2.233;0.4455
Idaho;2017;90.73;11.7;4148.0;1779810;233.05858490513032;70.6;3.183;0.4478
Illinois;2017;88.85;10.9;55593.0;12865097;432.1226649126703;88.5;4.958;0.4818
Indiana;2017;88.55;11.4;23956.0;6677713;358.7455765169902;72.4;3.525;0.4497
Iowa;2017;91.75;9.1;8937.0;3179050;281.12171875245747;64.0;3.092;0.4381
Kansas;2017;90.96;14.7;10436.0;3006891;347.06944814427925;74.2;3.642;0.4539
Kentucky;2017;86.56;14.4;10416.0;4494059;231.7726580803679;58.4;4.75;0.4784
Louisiana;2017;84.71;21.4;25359.0;4819273;526.199698585243;73.2;5.125;0.4935
Maine;2017;90.27;12.0;1610.0;1390713;115.767954998623;38.7;3.375;0.4526
Maryland;2017;89.85;7.8;30139.0;6249375;482.2722272227222;87.2;4.067;0.4530
Massachusetts;2017;90.58;10.6;24216.0;6872032;352.3848550181373;92.0;3.833;0.4851
Michigan;2017;90.85;12.7;44901.0;10387753;432.24939984614576;74.6;4.583;0.4671
Minnesota;2017;92.5;9.2;13320.0;5894269;225.98222103538205;73.3;3.442;0.4516
Mississippi;2017;84.41;18.3;4791.0;2985402;160.48090005969044;49.4;5.208;0.4790
Missouri;2017;89.49;11.1;32493.0;6200544;524.0346653454923;70.4;3.792;0.4618
Montana;2017;92.39;9.7;3992.0;1109109;359.9285552637297;55.9;4.1;0.4539
Nebraska;2017;91.11;10.4;5604.0;1987973;281.89517664475323;73.1;2.958;0.4391
Nevada;2017;86.61;13.7;16655.0;3004362;554.3606263160033;94.2;5.008;0.4606
New Hampshire;2017;92.77;6.6;2604.0;1370055;190.06536233946807;60.3;2.808;0.4386
New Jersey;2017;89.89;8.6;20604.0;9066144;227.2631010493546;94.7;4.517;0.4794
New Mexico;2017;85.62;18.6;16125.0;2093574;770.2139976900745;77.4;6.117;0.4776
New York;2017;86.84;13.4;70408.0;21791112;323.10420872509854;87.9;4.642;0.5157
North Carolina;2017;87.62;14.5;32918.0;10307673;319.3543295368412;66.1;4.55;0.4763
North Dakota;2017;92.7;11.3;2127.0;781178;272.2810934255701;59.9;2.6;0.4546
Ohio;2017;89.9;12.7;33091.0;11763545;281.3012574015741;77.9;4.933;0.4642
Oklahoma;2017;87.68;12.6;17945.0;3955314;453.69343622276256;66.2;4.033;0.4658
Oregon;2017;90.3;10.2;11551.0;4273638;270.2849422435873;81.0;4.067;0.4593
Pennsylvania;2017;90.3;11.2;40002.0;13598612;294.1623748070759;78.7;4.975;0.4777
Rhode Island;2017;88.76;12.2;2474.0;1066209;232.03705840036992;90.7;4.475;0.4722
South Carolina;2017;87.35;15.6;25119.0;5047242;497.6777416260207;66.3;4.192;0.4795
South Dakota;2017;90.96;10.4;3491.0;909430;383.86681767700645;56.7;3.017;0.4488
Tennessee;2017;87.78;11.5;44018.0;6734436;653.6256339803364;66.4;3.733;0.4822
Texas;2017;83.79;13.4;123155.0;28390032;433.79662270194;84.7;4.358;0.4781
Utah;2017;91.72;8.6;7419.0;3317709;223.61816542680504;90.6;3.158;0.4225
Vermont;2017;92.25;10.2;1091.0;636517;171.4015493694591;38.9;2.95;0.4525
Virginia;2017;89.78;10.3;17860.0;8478323;210.65486653433703;75.5;3.625;0.4674
Washington;2017;90.7;9.9;22494.0;7451235;301.8828422402461;84.1;4.65;0.4561
West Virginia;2017;87.15;17.3;5965.0;1828664;326.1944239072897;48.7;5.2;0.4686
Wisconsin;2017;92.0;9.5;18592.0;5904453;314.8809889756088;70.2;3.283;0.4467
Wyoming;2017;86.54;12.4;1313.0;588905;222.9561644068228;64.8;4.342;0.4326
Alabama;2018;86.62;16.0;23909.0;4906885;487.2541337325003;59.0;3.925;0.4859
Alaska;2018;92.71;13.1;6508.0;742552;876.4369364031072;66.0;6.092;0.4322
Arizona;2018;87.15;12.8;33509.0;7192613;465.8807584948613;89.8;4.808;0.4613
Arkansas;2018;87.3;15.9;16468.0;3031153;543.2916121357121;56.2;3.65;0.4845
California;2018;84.51;11.9;176944.0;39735951;445.2995223393546;95.0;4.258;0.4912
Colorado;2018;91.35;9.1;22583.0;5754756;392.4232408811077;86.2;3.025;0.4561
Connecticut;2018;90.8;10.2;7483.0;3630004;206.14302353385835;88.0;3.9;0.5014
Delaware;2018;87.03;7.4;4111.0;984141;417.7246959531205;83.3;3.692;0.4587
District of Columbia;2018;92.06;14.7;6996.0;702455;995.9356827127716;100.0;5.717;0.5243
Florida;2018;88.12;13.7;39939.0;21441679;186.26806230985923;91.2;3.642;0.4887
Georgia;2018;87.22;14.8;32786.0;10796981;303.65895799946304;75.1;4.017;0.4822
Hawaii;2018;91.96;9.2;3543.0;1420491;249.42079886461792;91.9;2.4;0.4450
Idaho;2018;90.12;11.5;4137.0;1819181;227.4100268197612;70.6;2.875;0.4454
Illinois;2018;89.37;10.3;51414.0;12803487;401.5624805961064;88.5;4.392;0.4852
Indiana;2018;88.43;11.6;22532.0;6702735;336.16128341639643;72.4;3.433;0.4511
Iowa;2018;91.85;8.9;6959.0;3189114;218.21107680691253;64.0;2.583;0.4413
Kansas;2018;90.78;7.5;11131.0;3005652;370.3356210233254;74.2;3.308;0.4633
Kentucky;2018;86.96;15.7;9628.0;4515472;213.2224493917801;58.4;4.2;0.4787
Louisiana;2018;85.77;19.0;24255.0;4719808;513.8980229704259;73.2;4.825;0.4936
Maine;2018;92.96;11.6;1500.0;1393395;107.65073794580864;38.7;3.175;0.4516
Maryland;2018;90.37;8.0;28356.0;6243451;454.1718994831545;87.2;3.808;0.4543
Massachusetts;2018;90.62;8.7;23177.0;6913325;335.2511273518893;92.0;3.458;0.4875
Michigan;2018;90.67;10.5;44996.0;10417561;431.9245166886952;74.6;4.167;0.4679
Minnesota;2018;92.76;7.9;12357.0;5942285;207.9503086775541;73.3;3.025;0.4536
Mississippi;2018;85.45;19.6;4422.0;2987810;148.0013789364116;49.4;4.942;0.4828
Missouri;2018;90.15;12.4;30581.0;6211247;492.3487988804824;70.4;3.233;0.4657
Montana;2018;93.05;10.3;3984.0;1121837;355.131806135829;55.9;3.725;0.4535
Nebraska;2018;91.12;10.5;5461.0;1998902;273.1999867927492;73.1;2.908;0.4488
Nevada;2018;86.63;13.0;17156.0;3040690;564.2140435230161;94.2;4.408;0.4690
New Hampshire;2018;92.84;6.1;2323.0;1382257;168.0584724837711;60.3;2.633;0.4530
New Jersey;2018;90.11;8.2;18536.0;8968809;206.67181116244083;94.7;4.017;0.4836
New Mexico;2018;85.36;16.6;16366.0;2100071;779.3069853352578;77.4;4.933;0.4891
New York;2018;87.32;11.1;68261.0;21485794;317.70294362870646;87.9;4.1;0.5130
North Carolina;2018;88.09;13.1;33055.0;10416869;317.3218363406509;66.1;4.008;0.4782
North Dakota;2018;92.48;9.7;2044.0;788896;259.09625603374843;59.9;2.392;0.4427
Ohio;2018;90.28;11.9;32728.0;11795193;277.46896553536686;77.9;4.475;0.4667
Oklahoma;2018;87.86;13.4;18646.0;3967005;470.0271363408919;66.2;3.292;0.4687
Oregon;2018;90.07;9.7;11892.0;4328893;274.7122647753132;81.0;4.033;0.4582
Pennsylvania;2018;90.67;11.8;39123.0;13602353;287.6193552689009;78.7;4.408;0.4747
Rhode Island;2018;89.4;8.9;2326.0;1063854;218.63902377581888;90.7;4.05;0.4700
South Carolina;2018;88.19;12.8;24987.0;5107178;489.2525774507957;66.3;3.367;0.4762
South Dakota;2018;88.41;10.6;3066.0;921472;332.7285039588832;56.7;2.767;0.4445
Tennessee;2018;87.78;12.0;42539.0;6791112;626.3922609434213;66.4;3.5;0.4778
Texas;2018;84.21;13.7;118661.0;28782803;412.2635311091835;84.7;3.917;0.4822
Utah;2018;91.79;6.9;7355.0;3378732;217.6852144532328;90.6;2.917;0.4269
Vermont;2018;93.35;9.7;1133.0;648985;174.58030617040455;38.9;2.5;0.4473
Virginia;2018;89.87;9.8;17301.0;8526290;202.9135767139049;75.5;3.0;0.4754
Washington;2018;91.07;8.6;23454.0;7579673;309.4328739511586;84.1;4.4;0.4574
West Virginia;2018;87.71;15.9;4586.0;1817569;252.3150427851708;48.7;5.142;0.4742
Wisconsin;2018;91.75;8.6;17283.0;5923923;291.7492344178005;70.2;3.0;0.4483
Wyoming;2018;92.19;9.5;1072.0;588786;182.0695464905755;64.8;4.067;0.4555
Alabama;2019;87.11;12.9;9503.0;4922404;193.05607585236808;59.0;3.192;0.4741
Alaska;2019;92.85;10.2;6325.0;736704;858.5537746503344;66.0;5.6;0.4376
Arizona;2019;87.34;9.9;31376.0;7299940;429.8117518774127;89.8;4.817;0.4591
Arkansas;2019;87.59;14.1;16531.0;3037786;544.1792147307283;56.2;3.492;0.4750
California;2019;84.72;10.1;173298.0;39691571;436.6115919170848;95.0;4.092;0.4866
Colorado;2019;91.83;9.3;20367.0;5818074;350.06429962905247;86.2;2.667;0.4548
Connecticut;2019;90.58;8.3;6546.0;3622038;180.7269829858218;88.0;3.583;0.5024
Delaware;2019;90.14;6.5;4112.0;990883;414.983403691455;83.3;3.55;0.4509
District of Columbia;2019;92.37;12.5;7403.0;705749;1048.9564986985458;100.0;5.517;0.5115
Florida;2019;88.12;11.5;81095.0;21621980;375.0581584110244;91.2;3.242;0.4808
Georgia;2019;87.53;12.1;25783.0;10885598;236.85423621191967;75.1;3.6;0.4795
Hawaii;2019;92.43;8.4;3257.0;1415872;230.0349184107038;91.9;2.508;0.4397
Idaho;2019;91.07;7.1;3984.0;1856399;214.6090360962272;70.6;2.883;0.4337
Illinois;2019;89.62;9.3;50427.0;12736361;395.9294181438482;88.5;3.975;0.4800
Indiana;2019;89.12;10.1;19339.0;6740561;286.9049030191997;72.4;3.317;0.4584
Iowa;2019;92.22;9.5;8186.0;3189025;256.69287634935444;64.0;2.658;0.4422
Kansas;2019;91.36;9.5;10772.0;3007917;358.12158380700004;74.2;3.15;0.4500
Kentucky;2019;87.27;13.6;9698.0;4514743;214.8073544828576;58.4;4.083;0.4764
Louisiana;2019;85.79;17.9;23989.0;4711000;509.21248142644873;73.2;4.633;0.4978
Maine;2019;92.81;10.4;1548.0;1399274;110.62879750499188;38.7;2.9;0.4490
Maryland;2019;90.15;7.0;27456.0;6246442;439.5462248748968;87.2;3.383;0.4558
Massachusetts;2019;91.29;7.5;22300.0;6903724;323.01407182558285;92.0;3.05;0.4803
Michigan;2019;90.91;10.2;43220.0;10408876;415.2225466034949;74.6;4.075;0.4634
Minnesota;2019;92.96;5.7;13273.0;5972409;222.23863101137243;73.3;3.275;0.4434
Mississippi;2019;85.26;19.2;4469.0;2977494;150.09266181560736;49.4;5.492;0.4896
Missouri;2019;90.46;9.4;29926.0;6223004;480.8931506391447;70.4;3.233;0.4633
Montana;2019;89.48;9.7;4248.0;1128358;376.4762601940165;55.9;3.5;0.4597
Nebraska;2019;91.84;8.7;5703.0;2004095;284.5673483542447;73.1;3.117;0.4400
Nevada;2019;86.85;10.4;15062.0;3086380;488.01508563430303;94.2;4.108;0.4710
New Hampshire;2019;90.73;3.7;1984.0;1384448;143.30621301775147;60.3;2.55;0.4406
New Jersey;2019;90.32;6.3;18408.0;8941805;205.8644759083876;94.7;3.458;0.4782
New Mexico;2019;85.73;15.3;15279.0;2101456;727.0673285569625;77.4;4.967;0.4768
New York;2019;87.85;12.5;69345.0;21379545;324.3520851355817;87.9;3.892;0.5149
North Carolina;2019;88.52;12.7;31442.0;10521960;298.82265281373435;66.1;3.875;0.4743
North Dakota;2019;93.12;8.1;2111.0;789872;267.258492515243;59.9;2.15;0.4558
Ohio;2019;90.38;12.4;31757.0;11800616;269.11307002956454;77.9;4.125;0.4651
Oklahoma;2019;88.04;10.8;17041.0;3975725;428.6262254054293;66.2;3.117;0.4739
Oregon;2019;90.89;8.1;11466.0;4359651;263.0027036567835;81.0;3.725;0.4500
Pennsylvania;2019;90.66;8.7;32969.0;13593466;242.53564175612016;78.7;4.267;0.4745
Rhode Island;2019;89.48;9.2;2342.0;1065937;219.71279728539304;90.7;3.525;0.4628
South Carolina;2019;88.29;15.1;25428.0;5171909;491.6559823461705;66.3;2.767;0.4747
South Dakota;2019;91.38;10.6;3009.0;924753;325.3841836685039;56.7;2.742;0.4360
Tennessee;2019;88.01;13.1;40620.0;6851803;592.8366591975864;66.4;3.333;0.4749
Texas;2019;84.8;11.1;120374.0;29074671;414.01672266558063;84.7;3.525;0.4753
Utah;2019;92.41;7.3;7343.0;3382184;217.10823538873103;90.6;2.542;0.4268
Vermont;2019;92.97;8.6;1263.0;646608;195.32699873802983;38.9;2.1;0.4471
Virginia;2019;90.04;8.8;17734.0;8544468;207.54949284145016;75.5;2.725;0.4690
Washington;2019;91.05;7.0;22161.0;7660883;289.2747480936597;84.1;4.183;0.4577
West Virginia;2019;87.16;13.9;4021.0;1804075;222.8843035904827;48.7;4.925;0.4644
Wisconsin;2019;92.43;8.4;16715.0;5933340;281.71316661441955;70.2;3.208;0.4391
Wyoming;2019;93.77;9.2;1111.0;589800;188.36893862326207;64.8;3.733;0.4345
Alabama;2021;87.74;15.9;15005.0;5055712;296.7930135260869;59.0;3.35;0.4823
Alaska;2021;92.51;11.4;2379.0;737794;322.447729311976;66.0;6.4;0.4392
Arizona;2021;88.55;12.6;12843.0;7277171;176.4834164265207;89.8;5.042;0.4629
Arkansas;2021;88.68;16.8;20816.0;3050003;682.4911319759358;56.2;4.033;0.4751
California;2021;85.11;11.9;36708.0;39419746;93.12084354881436;95.0;7.35;0.4924
Colorado;2021;92.34;7.9;27918.0;5872981;475.3633631711051;86.2;5.508;0.4604
Connecticut;2021;91.09;8.0;6258.0;3662022;170.88919727953572;88.0;6.458;0.4985
Delaware;2021;91.0;11.7;4245.0;1019453;416.39977517354896;83.3;5.442;0.4547
District of Columbia;2021;92.78;14.0;2884.0;670050;430.41564062383407;100.0;6.833;0.5305
Florida;2021;89.5;12.6;18058.0;21924490;82.36451566262203;91.2;4.717;0.4869
Georgia;2021;88.59;14.0;35427.0;11072343;319.9593798710896;75.1;3.942;0.4787
Hawaii;2021;92.95;10.9;3852.0;1441553;267.2118194752465;91.9;5.967;0.4552
Idaho;2021;90.75;9.3;4565.0;1977567;230.83920797626573;70.6;3.575;0.4577
Illinois;2021;90.11;10.7;21115.0;12739755;165.74102092230189;88.5;6.1;0.4824
Indiana;2021;90.09;10.4;20225.0;6814268;296.8037065756733;72.4;3.892;0.4480
Iowa;2021;92.76;9.7;9015.0;3234912;278.6783689942725;64.0;3.85;0.4489
Kansas;2021;91.4;7.1;12331.0;3034446;406.3674225871872;74.2;3.392;0.4599
Kentucky;2021;88.2;16.2;12201.0;4555929;267.8048758003033;58.4;4.475;0.4757
Louisiana;2021;86.51;18.4;27673.0;4685733;590.5799583544347;73.2;5.608;0.4988
Maine;2021;94.13;9.1;1558.0;1436427;108.46356967670478;38.7;4.733;0.4663
Maryland;2021;90.85;7.7;15139.0;6366504;237.79141582256133;87.2;5.2;0.4631
Massachusetts;2021;91.01;7.6;20989.0;6994071;300.09703933517403;92.0;5.292;0.4893
Michigan;2021;91.57;11.7;48860.0;10479239;466.2552309380481;74.6;5.725;0.4659
Minnesota;2021;93.45;6.9;17674.0;6052891;291.9927023301758;73.3;3.683;0.4493
Mississippi;2021;86.46;17.4;4343.0;2953021;147.06972960910198;49.4;5.408;0.4808
Missouri;2021;91.2;12.3;31760.0;6270656;506.48608375264087;70.4;4.142;0.4706
Montana;2021;93.81;10.7;5209.0;1130423;460.80095680997294;55.9;3.392;0.4693
Nebraska;2021;91.69;8.1;2989.0;2027023;147.45762628248423;73.1;2.6;0.4560
Nevada;2021;87.11;12.8;13492.0;3150303;428.276264219664;94.2;6.825;0.4726
New Hampshire;2021;94.37;6.9;1797.0;1406791;127.7375246216389;60.3;3.475;0.4348
New Jersey;2021;90.95;7.6;12271.0;9326233;131.57509575409492;94.7;6.692;0.4853
New Mexico;2021;87.41;18.0;15291.0;2120439;721.1242577598318;77.4;7.067;0.4861
New York;2021;88.28;12.5;10468.0;21763834;48.09814300182588;87.9;7.083;0.5140
North Carolina;2021;89.65;11.8;43495.0;10594379;410.5478952565318;66.1;4.892;0.4801
North Dakota;2021;93.55;8.5;2024.0;803107;252.0212126155045;59.9;3.092;0.4531
Ohio;2021;91.31;11.6;35479.0;11891997;298.3434994139336;77.9;5.242;0.4687
Oklahoma;2021;88.23;15.1;17375.0;4002678;434.0843805072504;66.2;4.025;0.4618
Oregon;2021;91.41;9.2;14524.0;4250019;341.73964869333525;81.0;5.15;0.4611
Pennsylvania;2021;91.52;10.8;21964.0;13931714;157.65468627908956;78.7;5.9;0.4720
Rhode Island;2021;89.08;9.4;2195.0;1102387;199.113378514079;90.7;5.6;0.4680
South Carolina;2021;89.27;13.7;26608.0;5228459;508.9071177568764;66.3;3.925;0.4760
South Dakota;2021;92.1;8.4;3287.0;935809;351.2468890553521;56.7;2.542;0.4522
Tennessee;2021;89.69;10.6;46912.0;6999556;670.2139392841489;66.4;4.467;0.4821
Texas;2021;85.48;13.5;132219.0;29597833;446.7185148318122;84.7;5.625;0.4784
Utah;2021;92.49;7.9;8297.0;3458604;239.89447765630297;90.6;2.767;0.4449
Vermont;2021;94.05;7.5;1229.0;667932;184.0007665450974;38.9;3.617;0.4527
Virginia;2021;91.39;9.8;19574.0;8655456;226.14637518808945;75.5;3.833;0.4724
Washington;2021;91.75;7.7;25951.0;7786968;333.2619319868785;84.1;5.192;0.4704
West Virginia;2021;88.81;16.9;4647.0;1795766;258.77536382802657;48.7;5.142;0.4858
Wisconsin;2021;92.82;9.3;18809.0;6005453;313.1986879257901;70.2;3.792;0.4464
Wyoming;2021;93.07;9.4;989.0;591049;167.32961226564973;64.8;4.55;0.4638
Alabama;2022;88.71;13.6;19077.0;5088690;374.89019767366455;59.0;2.492;0.4851
Alaska;2022;93.23;9.6;5664.0;738329;767.1376852324642;66.0;4.258;0.4278
Arizona;2022;88.78;12.7;29186.0;7359406;396.5809197100961;89.8;3.717;0.4665
Arkansas;2022;88.87;16.6;19691.0;3071369;641.1147602258146;56.2;3.175;0.4799
California;2022;85.42;11.2;193587.0;39181464;494.0780160741314;95.0;4.292;0.4953
Colorado;2022;92.53;8.1;29210.0;5904159;494.73599881033016;86.2;3.1;0.4566
Connecticut;2022;91.39;10.2;5566.0;3682043;151.16607817996697;88.0;4.033;0.5008
Delaware;2022;91.44;9.3;3980.0;1034511;384.7228304000634;83.3;4.175;0.4407
District of Columbia;2022;93.68;13.4;5479.0;671803;815.5664681461678;100.0;4.7;0.5111
Florida;2022;89.66;13.5;55617.0;22383331;248.47508174721628;91.2;3.017;0.4902
Georgia;2022;89.03;11.7;38051.0;11159771;340.9657778820013;75.1;3.167;0.4736
Hawaii;2022;92.69;8.8;3346.0;1440196;232.32948848628936;91.9;3.258;0.4574
Idaho;2022;91.32;8.2;4820.0;2024650;238.0658385399946;70.6;2.875;0.4434
Illinois;2022;90.28;9.5;32752.0;12661078;258.68255451865946;88.5;4.583;0.4837
Indiana;2022;89.6;10.4;19869.0;6841585;290.4151596450238;72.4;3.067;0.4561
Iowa;2022;93.0;9.4;8835.0;3241650;272.5463884133081;64.0;2.825;0.4514
Kansas;2022;91.59;10.5;12192.0;3034373;401.7963513384808;74.2;2.725;0.4632
Kentucky;2022;88.88;17.1;9923.0;4558755;217.6690785093737;58.4;4.05;0.4845
Louisiana;2022;87.28;16.9;26384.0;4646161;567.8666753046225;73.2;3.667;0.4915
Maine;2022;94.27;9.6;1460.0;1449348;100.73495116424763;38.7;2.842;0.4601
Maryland;2022;91.08;8.6;26067.0;6231164;418.33275452226906;87.2;2.967;0.4589
Massachusetts;2022;91.22;9.6;22605.0;6990326;323.375476336869;92.0;3.625;0.4976
Michigan;2022;91.4;12.1;45613.0;10471123;435.6075274829644;74.6;4.133;0.4685
Minnesota;2022;93.25;7.6;16182.0;6073518;266.4353674427243;73.3;2.483;0.4560
Mississippi;2022;87.56;18.4;4252.0;2942075;144.52384796444687;49.4;3.733;0.4806
Missouri;2022;91.29;11.4;30073.0;6273041;479.4006607002887;70.4;2.6;0.4687
Montana;2022;93.38;10.4;4771.0;1144837;416.740549091268;55.9;2.633;0.4652
Nebraska;2022;92.27;7.9;5542.0;2032148;272.71635727319074;73.1;2.15;0.4610
Nevada;2022;87.29;12.0;14491.0;3184043;455.1132004184616;94.2;5.2;0.4685
New Hampshire;2022;93.78;8.3;1789.0;1413481;126.5669648194776;60.3;2.417;0.4466
New Jersey;2022;90.52;8.7;18491.0;9322469;198.3487421626181;94.7;3.85;0.4815
New Mexico;2022;87.96;20.2;15735.0;2117703;743.0220385011496;77.4;4.067;0.4796
New York;2022;88.2;12.7;84262.0;21654063;389.1278971526036;87.9;4.292;0.5208
North Carolina;2022;90.04;14.2;42333.0;10741152;394.1197368773852;66.1;3.675;0.4768
North Dakota;2022;93.87;9.7;2206.0;807217;273.28463102238925;59.9;2.092;0.4678
Ohio;2022;91.31;9.9;33914.0;11876820;285.5478149875135;77.9;3.975;0.4691
Oklahoma;2022;89.18;16.9;16889.0;4034106;418.6553352837035;66.2;3.025;0.4743
Oregon;2022;91.55;9.9;14758.0;4240975;347.9860173662896;81.0;3.925;0.4679
Pennsylvania;2022;91.76;10.9;31807.0;13967468;227.7220180493701;78.7;4.125;0.4778
Rhode Island;2022;90.14;8.4;1897.0;1100479;172.37948202555432;90.7;3.233;0.4640
South Carolina;2022;90.46;12.9;26298.0;5302673;495.9385577801988;66.3;3.2;0.4757
South Dakota;2022;92.42;9.1;3263.0;951636;342.8832032415756;56.7;1.892;0.4487
Tennessee;2022;90.35;10.5;44884.0;7074483;634.449188725169;66.4;3.35;0.4694
Texas;2022;86.06;13.5;130178.0;30095062;432.55601201286777;84.7;3.917;0.4796
Utah;2022;92.41;6.0;8170.0;3506701;232.9825097720051;90.6;2.367;0.4264
Vermont;2022;94.32;9.0;1445.0;672094;214.9996875437067;38.9;2.35;0.4452
Virginia;2022;91.49;8.3;20667.0;8696119;237.657741344156;75.5;2.692;0.4755
Washington;2022;92.14;9.0;29398.0;7834083;375.2577040605773;84.1;4.058;0.4742
West Virginia;2022;89.1;15.5;4630.0;1786878;259.11114245068774;48.7;3.858;0.4804
Wisconsin;2022;93.01;6.6;17739.0;6003952;295.4553933808931;70.2;2.808;0.4510
Wyoming;2022;92.57;7.1;994.0;593436;167.4991068961101;64.8;3.433;0.4437
Alabama;2023;89.11;14.2;18201.0;5125045;355.1383451267257;59.0;2.467;0.4771
Alaska;2023;92.47;10.1;5317.0;738137;720.3269853699246;66.0;4.242;0.4492
Arizona;2023;89.0;11.9;27076.0;7431643;364.3339702943212;89.8;3.667;0.4650
Arkansas;2023;89.27;13.8;18623.0;3092728;602.1544733322814;56.2;3.142;0.4740
California;2023;85.43;11.9;199501.0;39116440;510.01829409833823;95.0;4.725;0.4870
Colorado;2023;92.84;8.5;27586.0;5942645;464.2040707462754;86.2;3.3;0.4575
Connecticut;2023;91.79;8.3;5428.0;3654872;148.5140929696033;88.0;3.2;0.4954
Delaware;2023;91.08;7.8;3923.0;1048215;374.2552815977638;83.3;3.833;0.4557
District of Columbia;2023;92.55;12.7;7817.0;678972;1151.2993172030658;100.0;4.85;0.5163
Florida;2023;89.94;11.6;43011.0;22752944;189.03487829970487;91.2;2.95;0.4829
Georgia;2023;89.0;12.9;33506.0;11279172;297.0608126199334;75.1;3.283;0.4787
Hawaii;2023;92.78;8.2;2046.0;1435138;142.5646871590049;91.9;2.925;0.4512
Idaho;2023;91.38;9.1;4574.0;2050699;223.0458980084352;70.6;3.2;0.4404
Illinois;2023;90.48;9.8;36022.0;12630038;285.2089597830188;88.5;4.483;0.4810
Indiana;2023;89.87;8.3;21473.0;6870854;312.5230138786241;72.4;3.45;0.4536
Iowa;2023;92.8;8.0;8584.0;3254368;263.7685719623595;64.0;2.933;0.4464
Kansas;2023;91.36;8.8;11713.0;3035369;385.8838908877306;74.2;2.875;0.4518
Kentucky;2023;89.44;13.6;10152.0;4536380;223.7907759050168;58.4;4.292;0.4759
Louisiana;2023;87.78;21.5;23657.0;4654513;508.259403293105;73.2;3.725;0.4967
Maine;2023;94.45;7.4;1430.0;1462730;97.76240317761992;38.7;2.608;0.4509
Maryland;2023;90.7;8.9;26324.0;6246242;421.437401881003;87.2;2.192;0.4561
Massachusetts;2023;91.34;9.1;21587.0;7008084;308.0299836588717;92.0;3.492;0.4879
Michigan;2023;91.5;12.1;44849.0;10496193;427.2882558466674;74.6;3.9;0.4658
Minnesota;2023;93.68;7.2;14965.0;6103624;245.1822065055121;73.3;2.825;0.4541
Mississippi;2023;87.85;16.0;3246.0;2941699;110.34439621456852;49.4;3.108;0.4843
Missouri;2023;91.66;9.7;28054.0;6290389;445.98195755461234;70.4;3.1;0.4608
Montana;2023;93.48;8.1;4946.0;1155062;428.2021224834684;55.9;2.667;0.4601
Nebraska;2023;92.33;9.2;3275.0;2043680;160.2501370077507;73.1;2.308;0.4634
Nevada;2023;87.37;13.9;13194.0;3200427;412.25748939125936;94.2;5.142;0.4632
New Hampshire;2023;94.05;6.1;1418.0;1420504;99.8237245372065;60.3;2.258;0.4446
New Jersey;2023;90.57;9.0;19325.0;9351303;206.6556927948972;94.7;4.275;0.4794
New Mexico;2023;87.17;17.3;14739.0;2118697;695.6634195451261;77.4;3.667;0.4771
New York;2023;88.56;11.0;76123.0;21545704;353.309411472468;87.9;4.042;0.5157
North Carolina;2023;90.39;13.6;40407.0;10880465;371.371995590262;66.1;3.492;0.4732
North Dakota;2023;94.44;9.9;2069.0;811595;254.9301067650737;59.9;2.033;0.4451
Ohio;2023;91.45;11.1;32428.0;11911788;272.2345293586488;77.9;3.633;0.4695
Oklahoma;2023;89.08;12.9;16567.0;4068771;407.1745497596203;66.2;3.2;0.4737
Oregon;2023;91.66;10.3;13780.0;4234198;325.4453381726599;81.0;3.758;0.4636
Pennsylvania;2023;91.86;10.3;32786.0;13988993;234.3699793115916;78.7;3.658;0.4774
Rhode Island;2023;89.72;8.9;1839.0;1102750;166.7649059170256;90.7;2.983;0.4661
South Carolina;2023;89.96;11.7;25084.0;5393865;465.0468634272456;66.3;2.992;0.4715
South Dakota;2023;92.33;7.5;2991.0;964120;310.2310915653653;56.7;1.8;0.4620
Tennessee;2023;90.08;10.7;44718.0;7150483;625.3843271846112;66.4;3.225;0.4760
Texas;2023;86.37;12.3;123548.0;30503300;405.031586746352;84.7;4.017;0.4790
Utah;2023;93.02;6.3;7809.0;3544301;220.3255310426513;90.6;2.667;0.4225
Vermont;2023;95.0;6.7;1352.0;667816;202.45097451992763;38.9;1.908;0.4549
Virginia;2023;91.38;9.4;20583.0;8728302;235.8190630892469;75.5;2.692;0.4723
Washington;2023;91.95;8.7;27765.0;7864307;353.0508155391188;84.1;4.2;0.4703
West Virginia;2023;89.0;13.3;4201.0;1781629;235.79544338355515;48.7;3.858;0.4679
Wisconsin;2023;93.35;9.3;16883.0;6023139;280.3023473308519;70.2;2.8;0.4479
Wyoming;2023;93.18;9.4;1032.0;595792;173.21481322340682;64.8;2.883;0.4455
